기준연도,학교종류,설립구분,지역,상태,학교,재적학생 A,사유별 중도탈락 학생_계B,사유별 중도탈락 학생_미등록,사유별 중도탈락 학생_미복학,사유별 중도탈락 학생_자퇴,사유별 중도탈락 학생_학사경고,사유별 중도탈락 학생_학생활동,유급제적,수업연한초과,기타,중도탈락학생비율% B/A × 100_기타,재적학생 신입생 A`_기타,사유별 중도탈락 학생신입생_계B`,사유별 중도탈락 학생신입생_미등록,사유별 중도탈락 학생신입생_미복학,사유별 중도탈락 학생신입생_자퇴,사유별 중도탈락 학생신입생_학사경고,사유별 중도탈락 학생신입생_학생활동,유급제적_1,수업연한초과_1,기타_1,중도탈락학생신입생비율% B`/A` × 100_기타,연도,재학연한초과,재학연한초과_1
2021,대학교,사립,경남,기존,가야대학교(김해) ,2693,232,56,34,130,0,0,0,0.0,12,8.6,449,59,21,0,33,0,0,0,0.0,5,13.1,2022,,
2021,대학교,사립,경기,기존,가천대학교 ,25871,941,111,184,603,1,0,0,38.0,4,3.6,4442,289,9,0,280,0,0,0,0.0,0,6.5,2022,,
2021,대학교,사립,강원,기존,가톨릭관동대학교 ,11694,690,11,171,507,0,0,0,0.0,1,5.9,1627,100,2,0,98,0,0,0,0.0,0,6.1,2022,,
2021,대학교,사립,충북,기존,가톨릭꽃동네대학교 ,567,13,0,0,13,0,0,0,0.0,0,2.3,108,5,0,0,5,0,0,0,0.0,0,4.6,2022,,
2021,대학교,사립,서울,기존,가톨릭대학교 _제3캠퍼스,306,10,2,1,7,0,0,0,0.0,0,3.3,52,3,0,0,3,0,0,0,0.0,0,5.8,2022,,
2021,대학교,사립,서울,기존,가톨릭대학교 _제2캠퍼스,964,9,0,1,7,0,0,0,0.0,1,0.9,179,1,0,0,1,0,0,0,0.0,0,0.6,2022,,
2021,대학교,사립,경기,기존,가톨릭대학교 ,9465,329,9,68,245,6,0,0,0.0,1,3.5,1688,131,1,0,130,0,0,0,0.0,0,7.8,2022,,
2021,대학교,사립,서울,기존,감리교신학대학교 ,1048,60,6,12,30,10,0,0,0.0,2,5.7,150,5,0,0,5,0,0,0,0.0,0,3.3,2022,,
2021,대학교,사립,경기,기존,강남대학교 ,8807,451,33,80,265,10,0,0,0.0,63,5.1,1590,148,3,0,106,0,0,0,0.0,39,9.3,2022,,
2021,대학교,국립,강원,기존,국립강릉원주대학교 _제2캠퍼스,2861,118,2,24,86,1,0,0,0.0,5,4.1,515,23,1,0,21,0,0,0,0.0,1,4.5,2022,,
2021,대학교,국립,강원,기존,국립강릉원주대학교 ,7687,433,18,100,294,11,0,0,0.0,10,5.6,1311,93,2,0,91,0,0,0,0.0,0,7.1,2022,,
2021,대학교,사립,서울,기존,강서대학교 ,2022,231,16,58,156,0,0,0,0.0,1,11.4,485,102,2,0,100,0,0,0,0.0,0,21.0,2022,,
2021,대학교,국립,강원,기존,강원대학교 ,20383,1244,28,617,559,36,0,0,0.0,4,6.1,3192,244,5,0,239,0,0,0,0.0,0,7.6,2022,,
2021,대학교,국립,강원,기존,강원대학교 _제2캠퍼스,9612,511,33,84,380,14,0,0,0.0,0,5.3,1581,109,5,0,104,0,0,0,0.0,0,6.9,2022,,
2021,대학교,사립,서울,기존,건국대학교 ,22978,692,32,94,564,0,0,0,0.0,2,3.0,3507,324,5,0,319,0,0,0,0.0,0,9.2,2022,,
2021,대학교,사립,충북,기존,건국대학교(글로컬) _분교,10453,410,12,96,300,0,0,0,0.0,2,3.9,1648,104,2,0,102,0,0,0,0.0,0,6.3,2022,,
2021,대학교,사립,충남,기존,건양대학교 ,4305,230,26,47,146,3,0,0,0.0,8,5.3,745,52,5,0,47,0,0,0,0.0,0,7.0,2022,,
2021,대학교,사립,대전,기존,건양대학교 _제2캠퍼스,4154,165,15,20,130,0,0,0,0.0,0,4.0,842,45,2,0,43,0,0,0,0.0,0,5.3,2022,,
2021,사이버대학(대학),사립,대전,기존,건양사이버대학교 ,3674,263,136,25,99,2,0,0,0.0,1,7.2,1040,94,42,0,52,0,0,0,0.0,0,9.0,2022,,
2021,대학교,사립,경기,기존,경기대학교 ,16391,615,52,144,404,14,0,0,0.0,1,3.8,2874,202,8,0,194,0,0,0,0.0,0,7.0,2022,,
2021,대학교,사립,서울,기존,경기대학교 _제2캠퍼스,2654,101,17,26,52,6,0,0,0.0,0,3.8,451,24,3,0,21,0,0,0,0.0,0,5.3,2022,,
2021,대학교,국립,경남,폐교,경남과학기술대학교 ,6856,324,41,64,213,6,0,0,0.0,0,4.7,1187,56,3,0,51,0,0,0,0.0,2,4.7,2022,,
2021,대학교,사립,경남,기존,경남대학교 ,15855,1011,73,299,638,0,0,0,0.0,1,6.4,2066,112,6,0,106,0,0,0,0.0,0,5.4,2022,,
2021,대학교,사립,강원,기존,경동대학교 _제3캠퍼스,4606,128,9,25,92,1,1,0,0.0,0,2.8,981,39,4,0,34,0,1,0,0.0,0,4.0,2022,,
2021,대학교,사립,경기,기존,경동대학교 _제4캠퍼스,3775,188,23,34,125,0,0,0,0.0,6,5.0,649,40,5,0,35,0,0,0,0.0,0,6.2,2022,,
2021,대학교,사립,강원,기존,경동대학교 ,1155,206,7,68,61,0,0,0,0.0,70,17.8,107,32,2,0,8,0,0,0,0.0,22,29.9,2022,,
2021,대학교,국립,대구,기존,경북대학교 ,29575,1221,53,174,951,37,0,0,3.0,3,4.1,4953,465,0,0,463,0,0,0,0.0,2,9.4,2022,,
2021,대학교,국립,경남,기존,경상국립대학교 ,18611,856,38,134,664,17,0,0,0.0,3,4.6,3266,232,6,0,225,0,0,0,0.0,1,7.1,2022,,
2021,대학교,사립,부산,기존,경성대학교 ,16576,989,113,192,683,0,0,0,0.0,1,6.0,3007,223,16,0,207,0,0,0,0.0,0,7.4,2022,,
2021,대학교,사립,경북,기존,경운대학교 ,6095,603,185,202,213,2,0,0,0.0,1,9.9,1208,144,104,0,40,0,0,0,0.0,0,11.9,2022,,
2021,교육대학,국립,인천,기존,경인교육대학교 ,1322,31,4,0,26,1,0,0,0.0,0,2.3,657,18,1,0,17,0,0,0,0.0,0,2.7,2022,,
2021,교육대학,국립,경기,기존,경인교육대학교 _제2캠퍼스,1361,5,0,0,4,1,0,0,0.0,0,0.4,0,0,0,0,0,0,0,0,0.0,0,0.0,2022,,
2021,대학교,사립,경북,기존,경일대학교 ,9470,736,246,134,353,3,0,0,0.0,0,7.8,1740,160,92,1,67,0,0,0,0.0,0,9.2,2022,,
2021,대학교,사립,경북,기존,신경주대학교 ,1101,204,58,72,71,1,0,0,0.0,2,18.5,108,28,19,0,8,0,0,0,0.0,1,25.9,2022,,
2021,대학교,사립,서울,기존,경희대학교 ,34542,1087,68,175,765,72,0,0,0.0,7,3.1,5838,419,6,0,413,0,0,0,0.0,0,7.2,2022,,
2021,사이버대학(대학),사립,서울,기존,경희사이버대학교 ,11693,2543,1914,115,499,0,0,0,0.0,15,21.7,3275,768,577,0,186,0,0,0,0.0,5,23.5,2022,,
2021,대학교,사립,대구,기존,계명대학교 ,29997,1469,102,521,826,18,2,0,0.0,0,4.9,4935,215,8,0,207,0,0,0,0.0,0,4.4,2022,,
2021,대학교,사립,서울,기존,고려대학교 ,27274,866,11,48,758,49,0,0,0.0,0,3.2,4551,391,0,0,391,0,0,0,0.0,0,8.6,2022,,
2021,대학교,사립,세종,기존,고려대학교(세종) _분교,9216,443,6,81,316,35,0,0,5.0,0,4.8,1531,154,0,0,154,0,0,0,0.0,0,10.1,2022,,
2021,사이버대학(대학),사립,서울,기존,고려사이버대학교 ,11716,1569,685,354,529,0,0,0,0.0,1,13.4,2489,358,186,0,171,0,0,0,0.0,1,14.4,2022,,
2021,대학교,사립,부산,기존,고신대학교 ,4554,421,50,59,310,0,1,0,0.0,1,9.2,886,159,6,0,153,0,0,0,0.0,0,17.9,2022,,
2021,교육대학,국립,충남,기존,공주교육대학교 ,1493,73,1,3,66,0,0,0,0.0,3,4.9,381,48,0,0,48,0,0,0,0.0,0,12.6,2022,,
2021,대학교,국립,충남,기존,국립공주대학교 ,16478,795,74,105,613,0,0,0,0.0,3,4.8,3177,234,5,0,228,0,0,0,0.0,1,7.4,2022,,
2021,대학교,사립,광주,기존,광신대학교 ,560,67,20,12,34,0,0,0,0.0,1,12.0,123,25,12,0,13,0,0,0,0.0,0,20.3,2022,,
2021,대학교,사립,서울,기존,광운대학교 ,11785,506,23,90,341,52,0,0,0.0,0,4.3,2026,191,5,0,186,0,0,0,0.0,0,9.4,2022,,
2021,대학교,사립,전남,기존,광주가톨릭대학교 ,128,8,0,0,6,0,0,0,0.0,2,6.3,22,1,0,0,0,0,0,0,0.0,1,4.5,2022,,
2021,대학교,특별법법인,광주,기존,광주과학기술원 ,996,61,2,3,55,0,0,0,1.0,0,6.1,211,24,1,0,23,0,0,0,0.0,0,11.4,2022,,
2021,교육대학,국립,광주,기존,광주교육대학교 ,1359,31,1,1,28,1,0,0,0.0,0,2.3,337,18,1,0,17,0,0,0,0.0,0,5.3,2022,,
2021,대학교,사립,광주,기존,광주대학교 ,8674,806,242,309,255,0,0,0,0.0,0,9.3,1558,250,211,0,39,0,0,0,0.0,0,16.0,2022,,
2021,대학교,사립,광주,기존,광주여자대학교 ,3991,213,57,36,120,0,0,0,0.0,0,5.3,929,63,27,0,36,0,0,0,0.0,0,6.8,2022,,
2021,대학교,사립,서울,기존,국민대학교 ,21679,705,53,204,416,24,0,0,0.0,8,3.3,3348,279,33,0,244,0,0,0,0.0,2,8.3,2022,,
2021,사이버대학(대학),사립,경기,기존,국제사이버대학교 ,3719,624,228,235,150,11,0,0,0.0,0,16.8,980,171,107,0,64,0,0,0,0.0,0,17.4,2022,,
2021,대학교,국립,전북,기존,국립군산대학교 ,9632,731,66,173,491,0,0,0,0.0,1,7.6,1611,130,15,0,115,0,0,0,0.0,0,8.1,2022,,
2021,대학교,사립,충북,기존,극동대학교 ,4843,323,14,92,210,7,0,0,0.0,0,6.7,621,21,2,0,19,0,0,0,0.0,0,3.4,2022,,
2021,사이버대학(대학),사립,충남,기존,글로벌사이버대학교 ,2553,411,220,93,87,7,0,0,0.0,4,16.1,720,148,108,0,40,0,0,0,0.0,0,20.6,2022,,
2021,대학교,사립,충남,기존,금강대학교 ,443,54,9,20,25,0,0,0,0.0,0,12.2,29,9,4,0,5,0,0,0,0.0,0,31.0,2022,,
2021,대학교,국립,경북,기존,국립금오공과대학교 ,7995,401,30,92,268,7,0,0,3.0,1,5.0,1308,99,10,0,89,0,0,0,0.0,0,7.6,2022,,
2021,대학교,사립,경북,기존,김천대학교 ,3585,366,117,79,167,3,0,0,0.0,0,10.2,705,139,86,0,53,0,0,0,0.0,0,19.7,2022,,
2021,대학교,사립,충남,기존,나사렛대학교 ,6587,376,16,127,216,14,0,0,0.0,3,5.7,1242,56,4,0,51,0,0,0,0.0,1,4.5,2022,,
2021,대학교,사립,광주,기존,남부대학교 ,3750,312,111,41,155,4,0,0,0.0,1,8.3,707,97,60,0,36,0,0,0,0.0,1,13.7,2022,,
2021,대학교,사립,충남,기존,남서울대학교 ,12556,676,28,223,345,14,0,0,0.0,66,5.4,2367,118,12,0,95,0,0,0,0.0,11,5.0,2022,,
2021,대학교,사립,경기,기존,단국대학교 ,16004,523,49,97,357,17,0,0,0.0,3,3.3,2591,198,6,0,192,0,0,0,0.0,0,7.6,2022,,
2021,대학교,사립,충남,기존,단국대학교 _제2캠퍼스,14140,553,36,122,376,19,0,0,0.0,0,3.9,2506,184,5,0,179,0,0,0,0.0,0,7.3,2022,,
2021,대학교,사립,경북,기존,대구가톨릭대학교 ,16095,943,105,236,543,0,0,0,52.0,7,5.9,2537,140,25,0,115,0,0,0,0.0,0,5.5,2022,,
2021,대학교,특별법법인,대구,기존,대구경북과학기술원 ,994,32,2,1,28,1,0,0,0.0,0,3.2,199,13,1,0,12,0,0,0,0.0,0,6.5,2022,,
2021,교육대학,국립,대구,기존,대구교육대학교 ,1622,45,4,1,34,0,0,6,0.0,0,2.8,417,36,2,1,28,0,0,5,0.0,0,8.6,2022,,
2021,대학교,사립,경북,기존,대구대학교 ,23167,1360,106,405,849,0,0,0,0.0,0,5.9,3631,186,17,0,169,0,0,0,0.0,0,5.1,2022,,
2021,사이버대학(대학),사립,경북,기존,대구사이버대학교 ,5273,975,333,360,282,0,0,0,0.0,0,18.5,1654,255,118,0,137,0,0,0,0.0,0,15.4,2022,,
2021,대학교,사립,경북,기존,대구예술대학교 ,1261,163,16,45,102,0,0,0,0.0,0,12.9,123,9,1,0,8,0,0,0,0.0,0,7.3,2022,,
2021,대학교,사립,경북,기존,대구한의대학교 ,8514,749,108,114,525,1,0,0,0.0,1,8.8,1644,361,71,0,290,0,0,0,0.0,0,22.0,2022,,
2021,대학교,사립,경북,기존,대신대학교 ,579,27,0,0,27,0,0,0,0.0,0,4.7,116,12,0,0,12,0,0,0,0.0,0,10.3,2022,,
2021,대학교,사립,세종,기존,대전가톨릭대학교 ,48,1,1,0,0,0,0,0,0.0,0,2.1,8,0,0,0,0,0,0,0,0.0,0,0.0,2022,,
2021,대학교,사립,대전,기존,대전대학교 ,12241,675,16,202,444,0,0,0,0.0,13,5.5,1966,104,0,0,103,0,0,0,0.0,1,5.3,2022,,
2021,대학교,사립,대전,기존,대전신학대학교 ,89,7,1,1,5,0,0,0,0.0,0,7.9,12,0,0,0,0,0,0,0,0.0,0,0.0,2022,,
2021,대학교,사립,경기,기존,대진대학교 ,10225,520,80,109,328,0,0,0,0.0,3,5.1,1927,156,52,0,104,0,0,0,0.0,0,8.1,2022,,
2021,대학교,사립,서울,기존,덕성여자대학교 ,6815,204,37,27,114,13,0,0,12.0,1,3.0,1118,92,25,0,60,7,0,0,0.0,0,8.2,2022,,
2021,대학교,사립,서울,기존,동국대학교 ,18822,508,22,68,405,13,0,0,0.0,0,2.7,3126,262,2,0,260,0,0,0,0.0,0,8.4,2022,,
2021,대학교,사립,경북,기존,동국대학교(WISE) _분교,10401,593,12,97,482,0,0,0,0.0,2,5.7,1726,141,1,0,140,0,0,0,0.0,0,8.2,2022,,
2021,대학교,사립,서울,기존,동덕여자대학교 ,8098,257,84,21,137,15,0,0,0.0,0,3.2,1693,148,75,0,69,4,0,0,0.0,0,8.7,2022,,
2021,대학교,사립,부산,기존,동명대학교 ,11447,1026,291,105,627,0,0,0,0.0,3,9.0,1779,321,174,0,147,0,0,0,0.0,0,18.0,2022,,
2021,대학교,사립,부산,기존,동서대학교 ,13676,799,89,222,473,14,0,0,0.0,1,5.8,2039,74,7,0,67,0,0,0,0.0,0,3.6,2022,,
2021,대학교,사립,전남,기존,동신대학교 ,8098,820,247,182,390,1,0,0,0.0,0,10.1,1489,325,180,0,145,0,0,0,0.0,0,21.8,2022,,
2021,대학교,사립,부산,기존,동아대학교 ,25148,1015,96,237,652,24,0,5,0.0,1,4.0,4352,199,7,0,192,0,0,0,0.0,0,4.6,2022,,
2021,대학교,사립,경북,기존,동양대학교 ,5227,398,23,107,264,0,0,0,0.0,4,7.6,822,64,1,0,63,0,0,0,0.0,0,7.8,2022,,
2021,대학교,사립,부산,기존,동의대학교 ,20777,1236,122,323,790,0,0,0,0.0,1,5.9,3689,176,23,0,153,0,0,0,0.0,0,4.8,2022,,
2021,사이버대학(대학),사립,서울,기존,디지털서울문화예술대학교 ,4072,691,217,285,189,0,0,0,0.0,0,17.0,701,111,60,0,51,0,0,0,0.0,0,15.8,2022,,
2021,대학교,사립,경기,기존,루터대학교 ,409,42,11,2,27,2,0,0,0.0,0,10.3,88,16,0,0,16,0,0,0,0.0,0,18.2,2022,,
2021,대학교,사립,경기,기존,명지대학교 ,8902,372,16,112,231,8,0,0,0.0,5,4.2,1473,98,3,0,93,0,0,0,0.0,2,6.7,2022,,
2021,대학교,사립,서울,기존,명지대학교 _제2캠퍼스,10702,396,42,110,202,29,0,0,0.0,13,3.7,1759,104,2,0,102,0,0,0,0.0,0,5.9,2022,,
2021,대학교,사립,대전,기존,목원대학교 ,9956,577,120,0,457,0,0,0,0.0,0,5.8,1704,107,7,0,100,0,0,0,0.0,0,6.3,2022,,
2021,대학교,사립,전남,기존,목포가톨릭대학교 ,570,17,1,0,16,0,0,0,0.0,0,3.0,124,3,0,0,3,0,0,0,0.0,0,2.4,2022,,
2021,대학교,국립,전남,기존,국립목포대학교 ,9288,952,106,218,332,0,0,0,296.0,0,10.2,1538,107,14,0,93,0,0,0,0.0,0,7.0,2022,,
2021,대학교,국립,전남,기존,국립목포해양대학교 ,3094,150,14,32,101,2,0,0,0.0,1,4.8,696,45,9,0,36,0,0,0,0.0,0,6.5,2022,,
2021,대학교,사립,대전,기존,배재대학교 ,10466,798,101,220,476,0,0,0,0.0,1,7.6,1912,179,54,0,125,0,0,0,0.0,0,9.4,2022,,
2021,대학교,사립,충남,기존,백석대학교 ,15678,777,91,202,479,4,0,0,0.0,1,5.0,3211,174,26,0,148,0,0,0,0.0,0,5.4,2022,,
2021,대학교,국립,부산,기존,국립부경대학교 ,21498,900,78,162,654,4,0,0,0.0,2,4.2,3699,287,7,0,279,0,0,0,0.0,1,7.8,2022,,
2021,대학교,사립,부산,기존,부산가톨릭대학교 ,4583,241,28,67,146,0,0,0,0.0,0,5.3,818,45,5,0,40,0,0,0,0.0,0,5.5,2022,,
2021,교육대학,국립,부산,기존,부산교육대학교 ,1543,29,1,1,25,1,0,1,0.0,0,1.9,383,18,0,0,18,0,0,0,0.0,0,4.7,2022,,
2021,대학교,국립,부산,기존,부산대학교 ,27487,1099,42,151,835,64,0,0,0.0,7,4.0,4581,410,6,0,404,0,0,0,0.0,0,9.0,2022,,
2021,사이버대학(대학),사립,부산,기존,부산디지털대학교 ,2853,349,59,123,167,0,0,0,0.0,0,12.2,729,95,31,2,62,0,0,0,0.0,0,13.0,2022,,
2021,대학교,사립,부산,기존,부산외국어대학교 ,10934,704,47,201,455,0,0,0,0.0,1,6.4,1586,90,7,0,83,0,0,0,0.0,0,5.7,2022,,
2021,대학교,사립,경남,기존,부산장신대학교 ,233,21,4,6,10,1,0,0,0.0,0,9.0,32,4,2,0,2,0,0,0,0.0,0,12.5,2022,,
2021,사이버대학(대학),사립,서울,기존,사이버한국외국어대학교 ,8327,1422,527,494,379,19,0,0,0.0,3,17.1,2031,268,107,0,161,0,0,0,0.0,0,13.2,2022,,
2021,대학교,사립,서울,기존,삼육대학교 ,7154,298,50,73,163,9,0,0,0.0,3,4.2,1207,72,4,0,66,0,0,0,0.0,2,6.0,2022,,
2021,대학교,사립,서울,기존,상명대학교 ,9127,594,5,76,237,15,0,0,0.0,261,6.5,1602,147,0,0,144,0,0,0,0.0,3,9.2,2022,,
2021,대학교,사립,충남,기존,상명대학교 _제2캠퍼스,7824,314,4,83,206,3,0,0,0.0,18,4.0,1452,82,0,0,82,0,0,0,0.0,0,5.6,2022,,
2021,대학교,사립,강원,기존,상지대학교 ,9686,633,86,88,453,3,0,0,1.0,2,6.5,1653,143,26,0,117,0,0,0,0.0,0,8.7,2022,,
2021,대학교,사립,서울,기존,서강대학교 ,11949,435,9,42,342,40,0,0,1.0,1,3.6,1804,217,4,0,197,16,0,0,0.0,0,12.0,2022,,
2021,대학교,사립,서울,기존,서경대학교 ,8659,418,125,19,264,10,0,0,0.0,0,4.8,1589,122,5,0,117,0,0,0,0.0,0,7.7,2022,,
2021,대학교,국립,서울,기존,서울과학기술대학교 ,14088,548,24,143,347,30,0,0,0.0,4,3.9,2385,214,3,0,211,0,0,0,0.0,0,9.0,2022,,
2021,교육대학,국립,서울,기존,서울교육대학교 ,1593,53,0,1,51,0,0,1,0.0,0,3.3,395,37,0,0,37,0,0,0,0.0,0,9.4,2022,,
2021,대학교,사립,서울,기존,서울기독대학교 ,555,63,16,8,37,2,0,0,0.0,0,11.4,86,11,0,0,11,0,0,0,0.0,0,12.8,2022,,
2021,대학교,국립대법인,서울,기존,서울대학교 ,21333,405,15,29,330,20,0,2,2.0,7,1.9,3404,148,0,0,147,0,0,0,0.0,1,4.3,2022,,
2021,사이버대학(대학),사립,서울,기존,서울디지털대학교 ,12422,2180,969,696,514,0,0,0,0.0,1,17.5,2943,479,323,1,155,0,0,0,0.0,0,16.3,2022,,
2021,사이버대학(대학),사립,서울,기존,서울사이버대학교 ,17043,2887,1147,651,1049,33,0,0,0.0,7,16.9,5033,950,433,0,514,0,0,0,0.0,3,18.9,2022,,
2021,대학교,공립,서울,기존,서울시립대학교 ,12331,388,32,26,275,30,0,0,21.0,4,3.1,1867,180,21,1,157,0,0,0,0.0,1,9.6,2022,,
2021,대학교,사립,경기,기존,서울신학대학교 ,2714,151,9,31,107,4,0,0,0.0,0,5.6,484,28,0,0,28,0,0,0,0.0,0,5.8,2022,,
2021,대학교,사립,서울,기존,서울여자대학교 ,8637,312,13,25,268,5,0,0,0.0,1,3.6,1749,159,3,0,156,0,0,0,0.0,0,9.1,2022,,
2021,대학교,사립,경기,기존,서울장신대학교 ,517,30,0,9,21,0,0,0,0.0,0,5.8,65,1,0,0,1,0,0,0,0.0,0,1.5,2022,,
2021,대학교,사립,서울,기존,서울한영대학교 ,893,61,0,19,40,1,0,0,0.0,1,6.8,176,9,0,0,9,0,0,0,0.0,0,5.1,2022,,
2021,대학교,사립,충북,기존,서원대학교 ,8733,516,9,128,342,10,0,0,0.0,27,5.9,1663,109,2,0,96,0,0,0,0.0,11,6.6,2022,,
2021,대학교,사립,충남,기존,선문대학교 ,12775,724,157,188,369,10,0,0,0.0,0,5.7,2369,194,84,0,110,0,0,0,0.0,0,8.2,2022,,
2021,대학교,사립,경기,기존,성결대학교 ,7216,354,21,79,252,2,0,0,0.0,0,4.9,1295,98,4,0,94,0,0,0,0.0,0,7.6,2022,,
2021,대학교,사립,서울,기존,성공회대학교 ,2865,136,9,31,95,0,0,0,0.0,1,4.7,533,38,1,0,37,0,0,0,0.0,0,7.1,2022,,
2021,대학교,사립,서울,기존,성균관대학교 ,25439,853,50,157,605,41,0,0,0.0,0,3.4,3970,409,4,41,357,7,0,0,0.0,0,10.3,2022,,
2021,대학교,사립,서울,기존,성신여자대학교 ,10918,397,106,34,253,2,0,0,2.0,0,3.6,2434,258,96,0,162,0,0,0,0.0,0,10.6,2022,,
2021,대학교,사립,충북,기존,세명대학교 ,10077,626,63,224,329,9,0,0,0.0,1,6.2,1533,106,33,0,72,0,0,0,0.0,1,6.9,2022,,
2021,대학교,사립,서울,기존,세종대학교 ,15955,856,300,146,306,96,0,0,0.0,8,5.4,2816,375,192,0,121,55,0,0,0.0,7,13.3,2022,,
2021,사이버대학(대학),사립,서울,기존,세종사이버대학교 ,11103,1465,236,413,442,11,0,0,0.0,363,13.2,2654,387,18,0,184,0,0,0,0.0,185,14.6,2022,,
2021,대학교,사립,전남,기존,세한대학교 ,4673,585,110,202,260,0,0,0,0.0,13,12.5,858,118,23,0,83,0,0,0,0.0,12,13.8,2022,,
2021,대학교,사립,광주,기존,송원대학교 ,3791,514,220,152,137,5,0,0,0.0,0,13.6,785,170,143,0,27,0,0,0,0.0,0,21.7,2022,,
2021,대학교,사립,경기,기존,수원가톨릭대학교 ,181,9,0,1,8,0,0,0,0.0,0,5.0,38,5,0,0,5,0,0,0,0.0,0,13.2,2022,,
2021,대학교,사립,경기,기존,수원대학교 ,12168,638,61,141,418,16,0,0,0.0,2,5.2,2248,185,9,0,176,0,0,0,0.0,0,8.2,2022,,
2021,대학교,사립,서울,기존,숙명여자대학교 ,12065,361,35,43,274,8,0,0,0.0,1,3.0,2408,193,22,0,171,0,0,0,0.0,0,8.0,2022,,
2021,각종학교(대학),사립,충북,기존,순복음총회신학교 ,199,72,60,0,12,0,0,0,0.0,0,36.2,23,8,4,0,4,0,0,0,0.0,0,34.8,2022,,
2021,대학교,국립,전남,기존,국립순천대학교 ,9186,535,33,143,340,12,0,0,2.0,5,5.8,1582,73,5,0,67,0,0,0,0.0,1,4.6,2022,,
2021,대학교,사립,충남,기존,순천향대학교 ,14075,647,102,106,428,3,0,0,0.0,8,4.6,2636,186,48,0,133,0,0,0,0.0,5,7.1,2022,,
2021,대학교,사립,서울,기존,숭실대학교 ,19290,553,107,100,335,6,0,0,0.0,5,2.9,3204,215,40,0,175,0,0,0,0.0,0,6.7,2022,,
2021,사이버대학(대학),사립,서울,기존,숭실사이버대학교 ,7810,879,371,321,179,0,0,0,0.0,8,11.3,1778,189,112,0,73,0,0,0,0.0,4,10.6,2022,,
2021,대학교,사립,부산,기존,신라대학교 ,11015,1039,282,249,365,0,0,0,0.0,143,9.4,1871,299,177,0,112,0,0,0,0.0,10,16.0,2022,,
2021,대학교,사립,경기,기존,신한대학교 _제2캠퍼스,6560,255,33,76,144,2,0,0,0.0,0,3.9,1212,52,3,0,49,0,0,0,0.0,0,4.3,2022,,
2021,대학교,사립,경기,기존,신한대학교 ,1864,90,8,23,54,2,0,0,0.0,3,4.8,358,22,2,0,18,0,0,0,0.0,2,6.1,2022,,
2021,대학교,사립,경기,기존,아신대학교 ,725,72,0,2,66,4,0,0,0.0,0,9.9,99,14,0,0,14,0,0,0,0.0,0,14.1,2022,,
2021,대학교,사립,경기,기존,아주대학교 ,13780,481,35,82,314,47,0,0,0.0,3,3.5,2196,184,3,0,181,0,0,0,0.0,0,8.4,2022,,
2021,대학교,국립,경북,기존,국립경국대학교 ,7925,457,11,118,326,0,0,0,0.0,2,5.8,1119,83,3,0,79,0,0,0,0.0,1,7.4,2022,,
2021,대학교,사립,경기,기존,안양대학교 ,6152,352,20,82,247,3,0,0,0.0,0,5.7,1064,93,5,0,88,0,0,0,0.0,0,8.7,2022,,
2021,대학교,사립,인천,기존,안양대학교 _제2캠퍼스,416,27,1,12,12,2,0,0,0.0,0,6.5,72,2,0,0,2,0,0,0,0.0,0,2.8,2022,,
2021,대학교,사립,서울,기존,연세대학교 ,27265,700,25,28,560,75,0,0,10.0,2,2.6,4436,278,1,0,276,0,0,0,0.0,1,6.3,2022,,
2021,대학교,사립,강원,기존,연세대학교(미래) _분교,9741,292,17,26,214,24,0,0,9.0,2,3.0,1462,90,1,0,89,0,0,0,0.0,0,6.2,2022,,
2021,대학교,사립,경북,기존,영남대학교 ,29034,1167,69,356,690,49,0,0,0.0,3,4.0,4847,233,6,0,227,0,0,0,0.0,0,4.8,2022,,
2021,대학교,사립,경북,기존,영남신학대학교 ,557,59,39,11,8,0,0,0,0.0,1,10.6,115,26,22,0,3,0,0,0,0.0,1,22.6,2022,,
2021,대학교,사립,경남,기존,영산대학교 ,3296,365,135,90,136,4,0,0,0.0,0,11.1,479,111,86,0,25,0,0,0,0.0,0,23.2,2022,,
2021,대학교,사립,부산,기존,영산대학교 _제2캠퍼스,4619,462,113,120,220,9,0,0,0.0,0,10.0,734,80,37,0,43,0,0,0,0.0,0,10.9,2022,,
2021,대학교,사립,전남,기존,영산선학대학교 ,52,4,0,2,1,0,0,0,0.0,1,7.7,7,0,0,0,0,0,0,0,0.0,0,0.0,2022,,
2021,대학교,사립,전북,기존,예수대학교 ,593,13,0,2,11,0,0,0,0.0,0,2.2,129,7,0,0,7,0,0,0,0.0,0,5.4,2022,,
2021,대학교,사립,경기,기존,예원예술대학교 _제2캠퍼스,511,45,13,5,25,1,0,0,1.0,0,8.8,116,18,12,0,6,0,0,0,0.0,0,15.5,2022,,
2021,대학교,사립,전북,기존,예원예술대학교 ,1373,178,54,33,90,1,0,0,0.0,0,13.0,212,35,11,0,24,0,0,0,0.0,0,16.5,2022,,
2021,대학교,사립,경기,기존,용인대학교 ,7985,483,95,135,240,10,0,0,2.0,1,6.0,1338,90,4,0,86,0,0,0,0.0,0,6.7,2022,,
2021,대학교,사립,전북,기존,우석대학교 ,9445,749,119,160,454,15,0,0,0.0,1,7.9,1537,129,34,0,95,0,0,0,0.0,0,8.4,2022,,
2021,대학교,사립,대전,기존,우송대학교 ,12490,629,69,127,384,11,0,0,0.0,38,5.0,2174,105,15,0,90,0,0,0,0.0,0,4.8,2022,,
2021,대학교,특별법법인,울산,기존,울산과학기술원 ,2586,66,10,8,38,6,0,0,1.0,3,2.6,379,15,1,0,13,0,0,0,0.0,1,4.0,2022,,
2021,대학교,사립,울산,기존,울산대학교 ,17338,799,13,194,563,27,0,0,0.0,2,4.6,2857,158,0,0,158,0,0,0,0.0,0,5.5,2022,,
2021,대학교,사립,전북,기존,원광대학교 ,20622,1309,46,405,844,7,0,1,0.0,6,6.3,2962,185,3,0,181,0,0,0,0.0,1,6.2,2022,,
2021,사이버대학(대학),사립,전북,기존,원광디지털대학교 ,6732,1186,248,590,340,0,0,0,0.0,8,17.6,1430,176,73,0,103,0,0,0,0.0,0,12.3,2022,,
2021,대학교,사립,경북,기존,위덕대학교 ,3551,429,129,120,176,3,0,0,0.0,1,12.1,760,122,86,0,36,0,0,0,0.0,0,16.1,2022,,
2021,대학교,사립,충북,기존,유원대학교 ,4881,465,9,219,228,8,0,0,0.0,1,9.5,732,43,1,0,42,0,0,0,0.0,0,5.9,2022,,
2021,대학교,사립,경기,기존,을지대학교 _제2캠퍼스,4731,156,2,28,126,0,0,0,0.0,0,3.3,890,47,0,0,47,0,0,0,0.0,0,5.3,2022,,
2021,대학교,사립,대전,기존,을지대학교 ,300,4,0,0,4,0,0,0,0.0,0,1.3,48,3,0,0,3,0,0,0,0.0,0,6.3,2022,,
2021,대학교,사립,경기,기존,을지대학교 _제3캠퍼스,587,12,0,0,11,0,0,0,0.0,1,2.0,186,8,0,0,8,0,0,0,0.0,0,4.3,2022,,
2021,대학교,사립,서울,기존,이화여자대학교 ,19359,485,16,30,428,7,0,0,2.0,2,2.5,3372,223,0,0,223,0,0,0,0.0,0,6.6,2022,,
2021,대학교,사립,경남,기존,인제대학교 ,11610,715,65,123,511,15,1,0,0.0,0,6.2,1720,112,17,0,95,0,0,0,0.0,0,6.5,2022,,
2021,대학교,사립,인천,기존,인천가톨릭대학교 _제2캠퍼스,748,30,3,1,26,0,0,0,0.0,0,4.0,160,14,2,0,12,0,0,0,0.0,0,8.8,2022,,
2021,대학교,사립,인천,기존,인천가톨릭대학교 ,93,9,0,0,9,0,0,0,0.0,0,9.7,16,3,0,0,3,0,0,0,0.0,0,18.8,2022,,
2021,대학교,국립대법인,인천,기존,인천대학교 ,16066,590,38,152,358,39,0,0,1.0,2,3.7,2701,191,3,0,187,0,0,0,0.0,1,7.1,2022,,
2021,대학교,사립,인천,기존,인하대학교 ,25481,863,32,209,618,2,0,0,0.0,2,3.4,4143,344,5,1,338,0,0,0,0.0,0,8.3,2022,,
2021,대학교,사립,서울,기존,장로회신학대학교 ,858,32,0,5,25,0,0,0,2.0,0,3.7,152,12,0,1,11,0,0,0,0.0,0,7.9,2022,,
2021,대학교,국립,광주,기존,전남대학교 ,21779,777,24,158,555,30,0,1,9.0,0,3.6,3613,230,0,0,230,0,0,0,0.0,0,6.4,2022,,
2021,대학교,국립,전남,기존,전남대학교 _제2캠퍼스,4110,301,9,79,204,7,0,0,0.0,2,7.3,799,64,4,0,60,0,0,0,0.0,0,8.0,2022,,
2021,대학교,국립,전북,기존,전북대학교 ,24664,1083,106,179,758,34,0,0,0.0,6,4.4,4227,370,21,0,347,0,0,0,0.0,2,8.8,2022,,
2021,교육대학,국립,전북,기존,전주교육대학교 ,1200,27,0,1,25,1,0,0,0.0,0,2.3,303,16,0,0,16,0,0,0,0.0,0,5.3,2022,,
2021,대학교,사립,전북,기존,전주대학교 ,15618,891,117,142,618,13,0,0,0.0,1,5.7,2647,128,6,0,121,0,0,0,0.0,1,4.8,2022,,
2021,기술대학,사립,서울,기존,정석대학 ,62,0,0,0,0,0,0,0,0.0,0,0.0,27,0,0,0,0,0,0,0,0.0,0,0.0,2022,,
2021,대학교,사립,제주,기존,제주국제대학교 ,1154,218,31,92,93,2,0,0,0.0,0,18.9,112,34,9,0,25,0,0,0,0.0,0,30.4,2022,,
2021,대학교,국립,제주,기존,제주대학교 ,13799,704,59,261,375,2,0,0,2.0,5,5.1,2286,147,9,0,138,0,0,0,0.0,0,6.4,2022,,
2021,대학교,사립,광주,기존,조선대학교 ,26553,1348,22,372,828,23,0,1,0.0,102,5.1,4557,269,0,0,236,0,0,0,0.0,33,5.9,2022,,
2021,대학교,사립,충남,기존,중부대학교 ,11857,988,18,496,469,4,0,0,0.0,1,8.3,1873,116,2,0,113,0,0,0,0.0,1,6.2,2022,,
2021,대학교,사립,서울,기존,중앙대학교 ,25714,824,18,171,619,14,0,0,0.0,2,3.2,4023,350,0,0,349,0,0,0,0.0,1,8.7,2022,,
2021,대학교,사립,경기,기존,중앙대학교 _제2캠퍼스,6951,313,11,98,201,2,0,0,0.0,1,4.5,1314,104,0,0,104,0,0,0,0.0,0,7.9,2022,,
2021,대학교,사립,경기,기존,중앙승가대학교 ,128,13,2,5,6,0,0,0,0.0,0,10.2,29,7,1,0,6,0,0,0,0.0,0,24.1,2022,,
2021,대학교,사립,충북,기존,중원대학교 ,5216,699,201,170,322,4,0,0,0.0,2,13.4,899,113,74,0,38,0,0,0,0.0,1,12.6,2022,,
2021,교육대학,국립,경남,기존,진주교육대학교 ,1356,22,1,0,18,0,0,3,0.0,0,1.6,338,12,1,0,11,0,0,0,0.0,0,3.6,2022,,
2021,대학교,사립,경기,기존,차의과학대학교 ,2703,131,11,15,105,0,0,0,0.0,0,4.8,498,38,2,0,36,0,0,0,0.0,0,7.6,2022,,
2021,대학교,사립,경남,기존,창신대학교 ,2370,202,49,51,102,0,0,0,0.0,0,8.5,487,38,9,0,29,0,0,0,0.0,0,7.8,2022,,
2021,대학교,국립,경남,기존,국립창원대학교 ,10942,541,14,154,347,0,0,0,0.0,26,4.9,1865,123,2,0,117,0,0,0,0.0,4,6.6,2022,,
2021,산업대학,사립,충남,기존,청운대학교 ,7839,535,100,125,300,7,0,0,0.0,3,6.8,1162,102,25,0,76,0,0,0,0.0,1,8.8,2022,,
2021,교육대학,국립,충북,기존,청주교육대학교 ,1216,24,1,0,23,0,0,0,0.0,0,2.0,312,12,1,0,11,0,0,0,0.0,0,3.8,2022,,
2021,대학교,사립,충북,기존,청주대학교 ,15930,681,0,175,501,0,0,0,0.0,5,4.3,2760,122,0,0,121,0,0,0,0.0,1,4.4,2022,,
2021,대학교,사립,전남,기존,초당대학교 ,4083,543,148,118,102,1,0,0,0.0,174,13.3,784,162,94,0,37,0,0,0,0.0,31,20.7,2022,,
2021,대학교,사립,서울,기존,총신대학교 ,1972,84,1,20,54,6,0,0,2.0,1,4.3,325,20,0,0,20,0,0,0,0.0,0,6.2,2022,,
2021,대학교,사립,서울,기존,추계예술대학교 ,1427,71,1,15,49,6,0,0,0.0,0,5.0,263,23,0,0,23,0,0,0,0.0,0,8.7,2022,,
2021,교육대학,국립,강원,기존,춘천교육대학교 ,1344,30,0,1,26,3,0,0,0.0,0,2.2,341,17,0,0,17,0,0,0,0.0,0,5.0,2022,,
2021,대학교,국립,대전,기존,충남대학교 ,22869,897,57,98,684,6,0,0,51.0,1,3.9,3839,373,5,0,368,0,0,0,0.0,0,9.7,2022,,
2021,대학교,국립,충북,기존,충북대학교 ,17986,679,48,116,505,0,0,6,0.0,4,3.8,3026,222,8,0,214,0,0,0,0.0,0,7.3,2022,,
2021,대학교,사립,경기,기존,칼빈대학교 ,668,72,28,14,29,1,0,0,0.0,0,10.8,86,11,0,0,11,0,0,0,0.0,0,12.8,2022,,
2021,대학교,사립,경기,기존,평택대학교 ,4615,299,41,57,142,2,0,0,0.0,57,6.5,855,48,7,0,39,1,0,0,0.0,1,5.6,2022,,
2021,대학교,사립,경북,기존,포항공과대학교 ,1695,35,0,0,33,1,0,0,1.0,0,2.1,327,22,0,0,22,0,0,0,0.0,0,6.7,2022,,
2021,대학교,국립,경기,기존,한경국립대학교 ,7104,433,18,111,258,9,0,0,0.0,37,6.1,1193,105,4,0,94,0,0,0,0.0,7,8.8,2022,,
2021,대학교,사립,경기,기존,한국공학대학교 ,9726,444,55,84,286,12,0,0,0.0,7,4.6,1671,109,5,0,100,0,0,0,0.0,4,6.5,2022,,
2021,대학교,특별법법인,대전,기존,한국과학기술원 ,4616,100,0,1,75,19,0,0,0.0,5,2.2,718,30,0,0,30,0,0,0,0.0,0,4.2,2022,,
2021,대학교,국립,충북,기존,한국교원대학교 ,2649,61,0,3,57,1,0,0,0.0,0,2.3,585,38,0,0,38,0,0,0,0.0,0,6.5,2022,,
2021,대학교,국립,충북,기존,국립한국교통대학교 ,11793,613,38,133,424,8,0,0,0.0,10,5.2,2116,149,7,0,142,0,0,0,0.0,0,7.0,2022,,
2021,대학교,사립,충남,기존,한국기술교육대학교 ,6012,239,24,47,162,3,0,0,0.0,3,4.0,986,68,0,0,67,0,0,0,0.0,1,6.9,2022,,
2021,방송통신대학,국립,서울,기존,한국방송통신대학교 ,142719,30122,22407,0,6083,0,0,0,0.0,1632,21.1,12670,1450,0,0,1382,0,0,0,0.0,68,11.4,2022,,
2021,대학교,사립,서울,기존,한국성서대학교 ,1233,57,9,16,29,0,0,0,3.0,0,4.6,239,15,4,0,11,0,0,0,0.0,0,6.3,2022,,
2021,사이버대학(대학),사립,서울,기존,한국열린사이버대학교 ,6578,1030,391,359,268,0,0,0,0.0,12,15.7,1912,333,171,0,155,0,0,0,0.0,7,17.4,2022,,
2021,각종학교(대학),특별법국립,서울,기존,한국예술종합학교 ,3239,62,11,14,16,12,0,0,9.0,0,1.9,562,5,0,0,5,0,0,0,0.0,0,0.9,2022,,
2021,대학교,사립,서울,기존,한국외국어대학교 ,23145,834,45,176,564,35,0,0,14.0,0,3.6,3820,316,2,0,314,0,0,0,0.0,0,8.3,2022,,
2021,대학교,특별법국립,충남,기존,한국전통문화대학교 ,767,22,2,3,16,0,0,0,0.0,1,2.9,146,5,0,0,5,0,0,0,0.0,0,3.4,2022,,
2021,대학교,국립,서울,기존,한국체육대학교 ,3095,69,6,23,17,14,0,0,0.0,9,2.2,565,7,0,0,4,0,0,0,0.0,3,1.2,2022,,
2021,대학교,사립,대전,기존,한국침례신학대학교 ,1367,78,3,14,60,0,0,0,1.0,0,5.7,193,7,0,0,7,0,0,0,0.0,0,3.6,2022,,
2021,대학교,사립,경기,기존,한국항공대학교 ,5729,191,7,33,150,0,0,0,0.0,1,3.3,996,62,0,0,62,0,0,0,0.0,0,6.2,2022,,
2021,대학교,국립,부산,기존,국립한국해양대학교 ,8271,368,26,60,272,8,0,0,2.0,0,4.4,1498,122,7,0,115,0,0,0,0.0,0,8.1,2022,,
2021,대학교,사립,대전,기존,한남대학교 ,15153,949,99,300,547,0,0,0,0.0,3,6.3,2861,158,7,0,150,0,0,0,0.0,1,5.5,2022,,
2021,대학교,사립,경북,기존,한동대학교 ,5388,149,1,39,78,30,1,0,0.0,0,2.8,812,21,0,0,21,0,0,0,0.0,0,2.6,2022,,
2021,대학교,사립,강원,기존,한라대학교 ,4913,291,17,98,176,0,0,0,0.0,0,5.9,684,39,8,0,31,0,0,0,0.0,0,5.7,2022,,
2021,대학교,사립,강원,기존,한림대학교 ,10635,483,11,126,331,14,0,1,0.0,0,4.5,1874,119,1,0,118,0,0,0,0.0,0,6.4,2022,,
2021,대학교,국립,대전,기존,국립한밭대학교 ,11647,740,52,254,381,51,0,0,0.0,2,6.4,2104,139,8,0,131,0,0,0,0.0,0,6.6,2022,,
2021,대학교,사립,충남,기존,한서대학교 ,9190,606,114,118,370,0,0,0,0.0,4,6.6,1628,168,62,0,105,0,0,0,0.0,1,10.3,2022,,
2021,대학교,사립,서울,기존,한성대학교 ,9469,310,58,63,171,17,0,0,0.0,1,3.3,1646,100,25,0,75,0,0,0,0.0,0,6.1,2022,,
2021,대학교,사립,경기,기존,한세대학교 ,3318,189,15,40,130,4,0,0,0.0,0,5.7,606,56,8,0,48,0,0,0,0.0,0,9.2,2022,,
2021,대학교,사립,경기,기존,한신대학교 ,7651,399,66,103,226,4,0,0,0.0,0,5.2,1286,80,8,0,72,0,0,0,0.0,0,6.2,2022,,
2021,대학교,사립,서울,기존,한양대학교 ,22556,776,91,72,593,13,0,3,0.0,4,3.4,3603,354,4,0,349,0,0,0,0.0,1,9.8,2022,,
2021,대학교,사립,경기,기존,한양대학교(ERICA) _분교,13657,344,22,55,262,3,0,0,0.0,2,2.5,2301,125,2,0,122,0,0,0,0.0,1,5.4,2022,,
2021,사이버대학(대학),사립,서울,기존,한양사이버대학교 ,17885,2677,1262,552,860,0,0,0,0.0,3,15.0,4405,620,309,0,309,0,0,0,0.0,2,14.1,2022,,
2021,대학교,사립,전북,기존,한일장신대학교 ,1068,107,14,43,49,0,0,0,0.0,1,10.0,197,18,4,0,14,0,0,0,0.0,0,9.1,2022,,
2021,대학교,사립,경기,기존,협성대학교 ,5474,320,24,75,170,0,0,0,2.0,49,5.8,1026,81,5,0,68,0,0,0,0.0,8,7.9,2022,,
2021,대학교,사립,광주,기존,호남대학교 ,9088,608,81,127,392,8,0,0,0.0,0,6.7,1520,91,25,0,66,0,0,0,0.0,0,6.0,2022,,
2021,대학교,사립,광주,기존,호남신학대학교 ,791,60,0,0,59,0,0,0,0.0,1,7.6,131,26,0,0,25,0,0,0,0.0,1,19.8,2022,,
2021,대학교,사립,충남,기존,호서대학교 ,16469,820,53,149,495,0,0,0,0.0,123,5.0,3041,211,33,0,157,0,0,0,0.0,21,6.9,2022,,
2021,산업대학,사립,전북,기존,호원대학교 ,6700,723,184,250,287,0,0,0,0.0,2,10.8,1217,144,72,0,71,0,0,0,0.0,1,11.8,2022,,
2021,대학교,사립,세종,기존,홍익대학교 _제2캠퍼스,8240,458,70,79,281,12,0,0,16.0,0,5.6,1377,165,42,1,122,0,0,0,0.0,0,12.0,2022,,
2021,대학교,사립,서울,기존,홍익대학교 ,17620,718,88,63,515,22,0,0,30.0,0,4.1,2810,344,37,0,307,0,0,0,0.0,0,12.2,2022,,
2021,대학교,사립,경기,기존,화성의과학대학교 ,841,211,7,159,43,2,0,0,0.0,0,25.1,75,4,1,0,3,0,0,0,0.0,0,5.3,2022,,
2021,사이버대학(대학),사립,부산,기존,화신사이버대학교 ,1702,300,99,83,116,0,0,0,0.0,2,17.6,505,97,37,0,60,0,0,0,0.0,0,19.2,2022,,
2022,대학교,사립,경남,기존,가야대학교(김해) ,2355,218,29,50,139,0,0,0,,0,9.26,383,36,6,0,30,0,0,0,,0,9.4,2023,0.0,0.0
2022,대학교,사립,경기,기존,가천대학교 ,26126,945,125,162,650,0,0,0,,6,3.62,4675,330,10,0,319,0,0,0,,1,7.06,2023,2.0,0.0
2022,대학교,사립,강원,기존,가톨릭관동대학교 ,10959,850,23,295,531,0,0,0,,1,7.76,1563,157,3,0,153,0,0,0,,1,10.04,2023,0.0,0.0
2022,대학교,사립,충북,기존,가톨릭꽃동네대학교 ,545,24,5,0,19,0,0,0,,0,4.4,108,7,0,0,7,0,0,0,,0,6.48,2023,0.0,0.0
2022,대학교,사립,경기,기존,가톨릭대학교 ,9386,350,12,88,241,9,0,0,,0,3.73,1770,128,3,0,125,0,0,0,,0,7.23,2023,0.0,0.0
2022,대학교,사립,서울,기존,가톨릭대학교 _제2캠퍼스,968,15,0,0,14,0,0,0,,0,1.55,184,7,0,0,7,0,0,0,,0,3.8,2023,1.0,0.0
2022,대학교,사립,서울,기존,가톨릭대학교 _제3캠퍼스,306,6,1,0,4,1,0,0,,0,1.96,49,1,1,0,0,0,0,0,,0,2.04,2023,0.0,0.0
2022,대학교,사립,서울,기존,감리교신학대학교 ,925,61,0,0,0,0,0,0,,61,6.59,94,7,0,0,0,0,0,0,,7,7.45,2023,0.0,0.0
2022,대학교,사립,경기,기존,강남대학교 ,8713,476,29,105,279,10,0,0,,53,5.46,1589,142,0,0,110,0,0,0,,32,8.94,2023,0.0,0.0
2022,대학교,국립,강원,기존,국립강릉원주대학교 ,7420,458,19,105,318,7,0,0,,9,6.17,1304,95,3,0,92,0,0,0,,0,7.29,2023,0.0,0.0
2022,대학교,국립,강원,기존,국립강릉원주대학교 _제2캠퍼스,2837,128,3,22,100,0,0,0,,3,4.51,503,24,1,0,23,0,0,0,,0,4.77,2023,0.0,0.0
2022,대학교,사립,서울,기존,강서대학교 ,1913,137,4,28,105,0,0,0,,0,7.16,338,60,0,0,60,0,0,0,,0,17.75,2023,0.0,0.0
2022,대학교,국립,강원,기존,강원대학교 _제2캠퍼스,9406,708,34,212,447,13,0,1,,1,7.53,1509,164,10,0,154,0,0,0,,0,10.87,2023,0.0,0.0
2022,대학교,국립,강원,기존,강원대학교 ,19568,601,53,0,520,25,0,0,,3,3.07,3310,223,5,0,217,0,0,0,,1,6.74,2023,0.0,0.0
2022,대학교,사립,서울,기존,건국대학교 ,22485,679,42,106,530,0,0,0,,1,3.02,3477,317,5,0,312,0,0,0,,0,9.12,2023,0.0,0.0
2022,대학교,사립,충북,기존,건국대학교(글로컬) _분교,10228,419,14,105,300,0,0,0,,0,4.1,1668,112,0,0,112,0,0,0,,0,6.71,2023,0.0,0.0
2022,대학교,사립,대전,기존,건양대학교 _제2캠퍼스,4125,169,26,17,125,0,0,0,,1,4.1,874,72,9,0,63,0,0,0,,0,8.24,2023,0.0,0.0
2022,대학교,사립,충남,기존,건양대학교 ,3991,267,35,49,179,2,2,0,,0,6.69,777,65,12,0,53,0,0,0,,0,8.37,2023,0.0,0.0
2022,사이버대학(대학),사립,대전,기존,건양사이버대학교 ,3700,286,139,45,94,6,0,0,,2,7.73,996,104,53,0,51,0,0,0,,0,10.44,2023,0.0,0.0
2022,대학교,사립,경기,기존,경기대학교 ,16071,652,64,166,401,16,1,0,,4,4.06,2799,190,3,0,187,0,0,0,,0,6.79,2023,0.0,0.0
2022,대학교,사립,서울,기존,경기대학교 _제2캠퍼스,2617,130,27,53,47,3,0,0,,0,4.97,382,19,3,0,16,0,0,0,,0,4.97,2023,0.0,0.0
2022,대학교,국립,경남,폐교,경남과학기술대학교 ,5444,286,22,96,166,2,0,0,,0,5.25,0,0,0,0,0,0,0,0,,0,0.0,2023,0.0,0.0
2022,대학교,사립,경남,기존,경남대학교 ,14486,935,73,268,593,0,0,0,,1,6.45,1920,114,13,0,101,0,0,0,,0,5.94,2023,0.0,0.0
2022,대학교,사립,경기,기존,경동대학교 _제4캠퍼스,3743,228,23,81,119,3,1,0,,1,6.09,662,43,7,0,35,0,0,0,,1,6.5,2023,0.0,0.0
2022,대학교,사립,강원,기존,경동대학교 _제3캠퍼스,4570,198,12,38,146,2,0,0,,0,4.33,1041,71,6,0,65,0,0,0,,0,6.82,2023,0.0,0.0
2022,대학교,사립,강원,기존,경동대학교 ,810,148,10,64,63,1,0,0,,10,18.27,52,6,0,0,5,0,0,0,,1,11.54,2023,0.0,0.0
2022,대학교,국립,대구,기존,경북대학교 ,28693,1167,56,154,911,35,0,0,,9,4.07,5006,461,6,0,455,0,0,0,,0,9.21,2023,2.0,0.0
2022,대학교,국립,경남,기존,경상국립대학교 ,19312,925,46,163,700,14,0,0,,2,4.79,4512,306,16,0,290,0,0,0,,0,6.78,2023,0.0,0.0
2022,대학교,사립,부산,기존,경성대학교 ,16076,899,101,190,604,0,0,0,,4,5.59,2963,175,26,0,148,0,0,0,,1,5.91,2023,0.0,0.0
2022,대학교,사립,경북,기존,경운대학교 ,5772,624,210,181,232,1,0,0,,0,10.81,1131,169,118,0,51,0,0,0,,0,14.94,2023,0.0,0.0
2022,교육대학,국립,인천,기존,경인교육대학교 ,1313,63,3,1,58,1,0,0,,0,4.8,652,52,0,0,52,0,0,0,,0,7.98,2023,0.0,0.0
2022,교육대학,국립,경기,기존,경인교육대학교 _제2캠퍼스,1306,8,0,1,4,3,0,0,,0,0.61,0,0,0,0,0,0,0,0,,0,0.0,2023,0.0,0.0
2022,대학교,사립,경북,기존,경일대학교 ,9311,778,121,237,415,4,0,0,,1,8.36,1645,198,69,2,126,0,0,0,,1,12.04,2023,0.0,0.0
2022,대학교,사립,경북,기존,신경주대학교 ,957,250,103,84,61,1,0,0,,1,26.12,214,108,89,0,19,0,0,0,,0,50.47,2023,0.0,0.0
2022,대학교,사립,서울,기존,경희대학교 ,33980,1151,77,140,846,87,0,0,,1,3.39,5798,537,8,0,529,0,0,0,,0,9.26,2023,0.0,0.0
2022,사이버대학(대학),사립,서울,기존,경희사이버대학교 ,12031,2195,1402,264,509,0,0,0,,20,18.24,2833,599,389,1,206,0,0,0,,3,21.14,2023,0.0,0.0
2022,대학교,사립,대구,기존,계명대학교 ,29306,1513,117,479,897,20,0,0,,0,5.16,4898,284,10,0,274,0,0,0,,0,5.8,2023,0.0,0.0
2022,대학교,사립,서울,기존,고려대학교 ,26766,897,28,70,750,47,0,0,,0,3.35,4547,414,2,0,412,0,0,0,,0,9.1,2023,2.0,0.0
2022,대학교,사립,세종,기존,고려대학교(세종) _분교,9090,495,10,93,338,37,0,0,,0,5.45,1600,160,1,0,159,0,0,0,,0,10.0,2023,17.0,0.0
2022,사이버대학(대학),사립,서울,기존,고려사이버대학교 ,11906,1703,731,398,573,0,0,0,,1,14.3,2323,366,174,0,191,0,0,0,,1,15.76,2023,0.0,0.0
2022,대학교,사립,부산,기존,고신대학교 ,4283,412,43,35,332,0,0,0,,2,9.62,823,128,7,0,121,0,0,0,,0,15.55,2023,0.0,0.0
2022,교육대학,국립,충남,기존,공주교육대학교 ,1434,43,1,5,36,1,0,0,,0,3.0,380,20,0,0,20,0,0,0,,0,5.26,2023,0.0,0.0
2022,대학교,국립,충남,기존,국립공주대학교 ,16161,758,35,81,642,0,0,0,,0,4.69,3237,220,6,0,214,0,0,0,,0,6.8,2023,0.0,0.0
2022,대학교,사립,광주,기존,광신대학교 ,534,54,25,9,19,0,0,0,,1,10.11,122,26,17,0,9,0,0,0,,0,21.31,2023,0.0,0.0
2022,대학교,사립,서울,기존,광운대학교 ,11633,464,18,133,280,31,0,0,,2,3.99,1957,166,1,0,165,0,0,0,,0,8.48,2023,0.0,0.0
2022,대학교,사립,전남,기존,광주가톨릭대학교 ,114,10,0,0,9,0,0,0,,1,8.77,12,0,0,0,0,0,0,0,,0,0.0,2023,0.0,0.0
2022,대학교,특별법법인,광주,기존,광주과학기술원 ,1009,48,0,6,42,0,0,0,,0,4.76,218,17,0,0,17,0,0,0,,0,7.8,2023,0.0,0.0
2022,교육대학,국립,광주,기존,광주교육대학교 ,1337,36,1,0,33,0,0,2,,0,2.69,347,30,0,0,30,0,0,0,,0,8.65,2023,0.0,0.0
2022,대학교,사립,광주,기존,광주대학교 ,8209,963,363,320,280,0,0,0,,0,11.73,1560,386,332,0,54,0,0,0,,0,24.74,2023,0.0,0.0
2022,대학교,사립,광주,기존,광주여자대학교 ,3982,301,134,33,134,0,0,0,,0,7.56,908,145,100,0,45,0,0,0,,0,15.97,2023,0.0,0.0
2022,대학교,사립,서울,기존,국민대학교 ,20917,658,84,181,359,27,0,0,,7,3.15,3463,264,65,0,199,0,0,0,,0,7.62,2023,0.0,0.0
2022,사이버대학(대학),사립,경기,기존,국제사이버대학교 ,3882,646,268,216,147,12,0,0,,3,16.64,984,205,120,0,85,0,0,0,,0,20.83,2023,0.0,0.0
2022,대학교,국립,전북,기존,국립군산대학교 ,9055,650,75,155,420,0,0,0,,0,7.18,1522,123,19,0,104,0,0,0,,0,8.08,2023,0.0,0.0
2022,대학교,사립,충북,기존,극동대학교 ,4397,338,25,105,203,5,0,0,,0,7.69,582,47,10,0,37,0,0,0,,0,8.08,2023,0.0,0.0
2022,사이버대학(대학),사립,충남,기존,글로벌사이버대학교 ,2550,471,238,118,113,1,0,0,,1,18.47,735,142,91,0,51,0,0,0,,0,19.32,2023,0.0,0.0
2022,대학교,사립,충남,기존,금강대학교 ,339,54,14,11,24,2,0,0,,3,15.93,33,15,7,0,5,0,0,0,,3,45.45,2023,0.0,0.0
2022,대학교,국립,경북,기존,국립금오공과대학교 ,7716,385,10,95,270,8,0,0,,1,4.99,1313,74,1,0,73,0,0,0,,0,5.64,2023,1.0,0.0
2022,대학교,사립,경북,기존,김천대학교 ,3325,458,151,96,208,3,0,0,,0,13.77,645,178,106,0,72,0,0,0,,0,27.6,2023,0.0,0.0
2022,대학교,사립,충남,기존,나사렛대학교 ,6491,429,193,0,215,20,0,0,,1,6.61,1306,87,21,0,66,0,0,0,,0,6.66,2023,0.0,0.0
2022,대학교,사립,광주,기존,남부대학교 ,3609,304,143,47,112,1,0,0,,1,8.42,636,79,47,0,32,0,0,0,,0,12.42,2023,0.0,0.0
2022,대학교,사립,충남,기존,남서울대학교 ,12456,731,26,169,429,16,0,0,,91,5.87,2335,165,4,0,149,0,0,0,,12,7.07,2023,0.0,0.0
2022,대학교,사립,경기,기존,단국대학교 ,15758,498,47,83,350,17,0,0,,1,3.16,2618,184,5,0,179,0,0,0,,0,7.03,2023,0.0,0.0
2022,대학교,사립,충남,기존,단국대학교 _제2캠퍼스,13913,621,46,97,451,24,0,1,,2,4.46,2521,220,6,0,214,0,0,0,,0,8.73,2023,0.0,0.0
2022,대학교,사립,경북,기존,대구가톨릭대학교 ,15333,988,125,244,569,0,0,0,,2,6.44,2760,188,40,0,147,0,0,0,,1,6.81,2023,48.0,0.0
2022,대학교,특별법법인,대구,기존,대구경북과학기술원 ,1052,29,0,1,25,2,0,0,,1,2.76,222,17,0,0,16,0,0,0,,1,7.66,2023,0.0,0.0
2022,교육대학,국립,대구,기존,대구교육대학교 ,1606,42,7,2,31,2,0,0,,0,2.62,420,26,6,0,18,2,0,0,,0,6.19,2023,0.0,0.0
2022,대학교,사립,경북,기존,대구대학교 ,22207,1480,129,442,909,0,0,0,,0,6.66,3819,237,33,0,204,0,0,0,,0,6.21,2023,0.0,0.0
2022,사이버대학(대학),사립,경북,기존,대구사이버대학교 ,5717,1064,685,0,379,0,0,0,,0,18.61,1808,293,113,0,180,0,0,0,,0,16.21,2023,0.0,0.0
2022,대학교,사립,경북,기존,대구예술대학교 ,1004,155,3,54,98,0,0,0,,0,15.44,77,9,0,0,9,0,0,0,,0,11.69,2023,0.0,0.0
2022,대학교,사립,경북,기존,대구한의대학교 ,8113,673,158,166,348,0,0,0,,1,8.3,1612,228,115,0,113,0,0,0,,0,14.14,2023,0.0,0.0
2022,대학교,사립,경북,기존,대신대학교 ,605,50,13,20,17,0,0,0,,0,8.26,117,7,3,0,4,0,0,0,,0,5.98,2023,0.0,0.0
2022,대학교,사립,세종,기존,대전가톨릭대학교 ,50,3,0,0,3,0,0,0,,0,6.0,12,1,0,0,1,0,0,0,,0,8.33,2023,0.0,0.0
2022,대학교,사립,대전,기존,대전대학교 ,11959,727,18,192,495,0,0,0,,22,6.08,2042,158,7,0,146,0,0,0,,5,7.74,2023,0.0,0.0
2022,대학교,사립,대전,기존,대전신학대학교 ,71,10,3,4,1,0,0,0,,1,14.08,8,0,0,0,0,0,0,0,,0,0.0,2023,1.0,0.0
2022,대학교,사립,경기,기존,대진대학교 ,10209,509,79,105,323,0,0,0,,2,4.99,1900,168,46,0,122,0,0,0,,0,8.84,2023,0.0,0.0
2022,대학교,사립,서울,기존,덕성여자대학교 ,6610,272,70,20,149,14,0,0,,2,4.11,1210,140,59,1,69,11,0,0,,0,11.57,2023,17.0,0.0
2022,대학교,사립,서울,기존,동국대학교 ,18489,540,15,62,453,10,0,0,,0,2.92,3225,290,2,0,288,0,0,0,,0,8.99,2023,0.0,0.0
2022,대학교,사립,경북,기존,동국대학교(WISE) _분교,10164,597,5,111,480,0,0,0,,1,5.87,1836,171,0,0,170,0,0,0,,1,9.31,2023,0.0,0.0
2022,대학교,사립,서울,기존,동덕여자대학교 ,8054,318,96,23,175,24,0,0,,0,3.95,1747,201,84,0,107,10,0,0,,0,11.51,2023,0.0,0.0
2022,대학교,사립,부산,기존,동명대학교 ,10619,1230,191,509,528,0,0,0,,2,11.58,1518,195,96,0,99,0,0,0,,0,12.85,2023,0.0,0.0
2022,대학교,사립,부산,기존,동서대학교 ,12871,821,45,244,516,14,0,0,,2,6.38,2090,133,9,0,124,0,0,0,,0,6.36,2023,0.0,0.0
2022,대학교,사립,전남,기존,동신대학교 ,7718,875,297,154,422,2,0,0,,0,11.34,1529,356,197,0,159,0,0,0,,0,23.28,2023,0.0,0.0
2022,대학교,사립,부산,기존,동아대학교 ,24717,1010,103,249,636,14,0,5,,3,4.09,4388,206,14,0,191,0,0,0,,1,4.69,2023,0.0,0.0
2022,대학교,사립,경북,기존,동양대학교 ,5159,469,104,85,280,0,0,0,,0,9.09,994,119,47,0,72,0,0,0,,0,11.97,2023,0.0,0.0
2022,대학교,사립,부산,기존,동의대학교 ,20322,1235,123,339,771,0,0,1,,1,6.08,3826,259,35,0,224,0,0,0,,0,6.77,2023,0.0,0.0
2022,사이버대학(대학),사립,서울,기존,디지털서울문화예술대학교 ,3874,595,219,176,200,0,0,0,,0,15.36,755,126,59,0,67,0,0,0,,0,16.69,2023,0.0,0.0
2022,대학교,사립,경기,기존,루터대학교 ,393,48,4,5,39,0,0,0,,0,12.21,88,14,0,0,14,0,0,0,,0,15.91,2023,0.0,0.0
2022,대학교,사립,경기,기존,명지대학교 ,8863,420,9,153,242,11,0,0,,5,4.74,1482,114,5,0,108,0,0,0,,1,7.69,2023,0.0,0.0
2022,대학교,사립,서울,기존,명지대학교 _제2캠퍼스,10563,470,25,135,261,10,0,0,,39,4.45,1619,150,6,0,144,0,0,0,,0,9.26,2023,0.0,0.0
2022,대학교,사립,대전,기존,목원대학교 ,9764,671,173,0,498,0,0,0,,0,6.87,1885,155,14,0,141,0,0,0,,0,8.22,2023,0.0,0.0
2022,대학교,사립,전남,기존,목포가톨릭대학교 ,566,14,0,1,13,0,0,0,,0,2.47,126,6,0,0,6,0,0,0,,0,4.76,2023,0.0,0.0
2022,대학교,국립,전남,기존,국립목포대학교 ,8804,604,53,192,356,0,0,0,,2,6.86,1557,137,19,1,117,0,0,0,,0,8.8,2023,1.0,0.0
2022,대학교,국립,전남,기존,국립목포해양대학교 ,3112,200,8,49,137,6,0,0,,0,6.43,713,64,6,0,58,0,0,0,,0,8.98,2023,0.0,0.0
2022,대학교,사립,대전,기존,배재대학교 ,10218,875,96,235,544,0,0,0,,0,8.56,1989,185,22,0,163,0,0,0,,0,9.3,2023,0.0,0.0
2022,대학교,사립,충남,기존,백석대학교 ,15612,814,88,176,535,11,0,0,,4,5.21,3160,210,24,0,185,0,0,0,,1,6.65,2023,0.0,0.0
2022,대학교,국립,부산,기존,국립부경대학교 ,21014,943,68,170,687,15,0,0,,3,4.49,3619,309,6,0,302,0,0,0,,1,8.54,2023,0.0,0.0
2022,대학교,사립,부산,기존,부산가톨릭대학교 ,4352,225,34,50,141,0,0,0,,0,5.17,764,32,5,0,27,0,0,0,,0,4.19,2023,0.0,0.0
2022,교육대학,국립,부산,기존,부산교육대학교 ,1520,39,0,3,34,2,0,0,,0,2.57,382,29,0,0,29,0,0,0,,0,7.59,2023,0.0,0.0
2022,대학교,국립,부산,기존,부산대학교 ,26611,1060,52,179,750,73,0,0,,4,3.98,4613,342,4,0,338,0,0,0,,0,7.41,2023,2.0,0.0
2022,사이버대학(대학),사립,부산,기존,부산디지털대학교 ,2833,407,80,166,161,0,0,0,,0,14.37,695,108,30,5,73,0,0,0,,0,15.54,2023,0.0,0.0
2022,대학교,사립,부산,기존,부산외국어대학교 ,10261,609,27,68,512,0,1,0,,1,5.94,1455,108,1,0,106,0,1,0,,0,7.42,2023,0.0,0.0
2022,대학교,사립,경남,기존,부산장신대학교 ,180,26,4,12,10,0,0,0,,0,14.44,32,3,2,0,1,0,0,0,,0,9.38,2023,0.0,0.0
2022,사이버대학(대학),사립,서울,기존,사이버한국외국어대학교 ,8071,1475,482,548,98,21,0,0,,326,18.28,1854,295,128,0,20,0,0,0,,147,15.91,2023,0.0,0.0
2022,대학교,사립,서울,기존,삼육대학교 ,7062,255,33,43,171,3,0,0,,5,3.61,1224,79,3,0,76,0,0,0,,0,6.45,2023,0.0,0.0
2022,대학교,사립,충남,기존,상명대학교 _제2캠퍼스,7763,315,3,70,237,4,0,0,,1,4.06,1445,97,1,0,96,0,0,0,,0,6.71,2023,0.0,0.0
2022,대학교,사립,서울,기존,상명대학교 ,8728,358,29,64,259,5,0,0,,1,4.1,1567,142,0,0,142,0,0,0,,0,9.06,2023,0.0,0.0
2022,대학교,사립,강원,기존,상지대학교 ,9482,819,98,190,527,3,0,0,,0,8.64,1540,189,31,0,158,0,0,0,,0,12.27,2023,1.0,0.0
2022,대학교,사립,서울,기존,서강대학교 ,11679,432,26,22,345,35,0,0,,2,3.7,1826,230,5,0,212,13,0,0,,0,12.6,2023,2.0,0.0
2022,대학교,사립,서울,기존,서경대학교 ,8623,408,99,14,287,6,0,0,,2,4.73,1618,134,3,0,130,0,0,0,,1,8.28,2023,0.0,0.0
2022,대학교,국립,서울,기존,서울과학기술대학교 ,13738,533,33,130,316,53,0,0,,1,3.88,2415,179,8,0,171,0,0,0,,0,7.41,2023,0.0,0.0
2022,교육대학,국립,서울,기존,서울교육대학교 ,1538,83,2,4,76,0,0,1,,0,5.4,393,52,1,0,51,0,0,0,,0,13.23,2023,0.0,0.0
2022,대학교,사립,서울,기존,서울기독대학교 ,497,40,0,0,37,3,0,0,,0,8.05,68,11,0,0,11,0,0,0,,0,16.18,2023,0.0,0.0
2022,대학교,국립대법인,서울,기존,서울대학교 ,21286,412,23,38,328,17,0,1,,4,1.94,3484,194,0,0,194,0,0,0,,0,5.57,2023,1.0,0.0
2022,사이버대학(대학),사립,서울,기존,서울디지털대학교 ,12666,1687,1042,621,22,0,0,0,,2,13.32,2736,324,321,0,3,0,0,0,,0,11.84,2023,0.0,0.0
2022,사이버대학(대학),사립,서울,기존,서울사이버대학교 ,18608,3013,1015,849,1091,47,0,0,,11,16.19,4934,895,397,0,494,0,0,0,,4,18.14,2023,0.0,0.0
2022,대학교,공립,서울,기존,서울시립대학교 ,12035,346,48,26,221,22,0,0,,3,2.87,1861,150,26,0,123,0,0,0,,1,8.06,2023,26.0,0.0
2022,대학교,사립,경기,기존,서울신학대학교 ,2573,153,6,15,127,5,0,0,,0,5.95,479,42,1,0,41,0,0,0,,0,8.77,2023,0.0,0.0
2022,대학교,사립,서울,기존,서울여자대학교 ,8639,349,17,29,296,7,0,0,,0,4.04,1759,202,3,0,199,0,0,0,,0,11.48,2023,0.0,0.0
2022,대학교,사립,경기,기존,서울장신대학교 ,453,36,2,9,23,0,0,0,,1,7.95,68,5,1,0,3,0,0,0,,1,7.35,2023,1.0,0.0
2022,대학교,사립,서울,기존,서울한영대학교 ,885,105,16,25,64,0,0,0,,0,11.86,178,29,6,0,23,0,0,0,,0,16.29,2023,0.0,0.0
2022,대학교,사립,충북,기존,서원대학교 ,8630,489,3,112,334,5,0,0,,35,5.67,1745,133,0,0,122,0,0,0,,11,7.62,2023,0.0,0.0
2022,대학교,사립,충남,기존,선문대학교 ,12554,893,182,275,425,8,0,0,,3,7.11,2236,245,79,0,165,0,0,0,,1,10.96,2023,0.0,0.0
2022,대학교,사립,경기,기존,성결대학교 ,7056,379,29,104,240,6,0,0,,0,5.37,1297,109,10,0,99,0,0,0,,0,8.4,2023,0.0,0.0
2022,대학교,사립,서울,기존,성공회대학교 ,2813,150,24,28,96,0,0,0,,2,5.33,529,39,4,0,35,0,0,0,,0,7.37,2023,0.0,0.0
2022,대학교,사립,서울,기존,성균관대학교 ,25049,798,44,108,609,32,0,0,,5,3.19,4149,404,3,9,390,1,0,0,,1,9.74,2023,0.0,0.0
2022,대학교,사립,서울,기존,성신여자대학교 ,10754,401,120,32,245,1,0,0,,1,3.73,2436,249,114,0,135,0,0,0,,0,10.22,2023,2.0,0.0
2022,대학교,사립,충북,기존,세명대학교 ,9553,719,90,194,424,10,0,0,,1,7.53,1566,175,65,0,110,0,0,0,,0,11.17,2023,0.0,0.0
2022,대학교,사립,서울,기존,세종대학교 ,15920,732,294,140,294,0,0,0,,4,4.6,2879,339,213,0,124,0,0,0,,2,11.77,2023,0.0,0.0
2022,사이버대학(대학),사립,서울,기존,세종사이버대학교 ,11501,1162,747,24,391,0,0,0,,0,10.1,3051,450,280,0,170,0,0,0,,0,14.75,2023,0.0,0.0
2022,대학교,사립,전남,기존,세한대학교 ,4400,300,151,77,72,0,0,0,,0,6.82,836,79,54,0,25,0,0,0,,0,9.45,2023,0.0,0.0
2022,대학교,사립,광주,기존,송원대학교 ,3713,610,319,133,157,0,0,0,,1,16.43,733,186,136,0,49,0,0,0,,1,25.38,2023,0.0,0.0
2022,대학교,사립,경기,기존,수원가톨릭대학교 ,171,9,0,2,7,0,0,0,,0,5.26,24,0,0,0,0,0,0,0,,0,0.0,2023,0.0,0.0
2022,대학교,사립,경기,기존,수원대학교 ,11964,702,83,139,460,19,0,0,,1,5.87,2249,216,14,0,202,0,0,0,,0,9.6,2023,0.0,0.0
2022,대학교,사립,서울,기존,숙명여자대학교 ,11994,397,35,27,323,12,0,0,,0,3.31,2452,212,20,0,192,0,0,0,,0,8.65,2023,0.0,0.0
2022,각종학교(대학),사립,충북,기존,순복음총회신학교 ,150,50,30,3,17,0,0,0,,0,33.33,37,11,3,0,8,0,0,0,,0,29.73,2023,0.0,0.0
2022,대학교,국립,전남,기존,국립순천대학교 ,8899,600,30,142,421,3,0,0,,2,6.74,1632,111,8,0,103,0,0,0,,0,6.8,2023,2.0,0.0
2022,대학교,사립,충남,기존,순천향대학교 ,14011,761,105,153,498,2,0,0,,3,5.43,2673,228,36,0,192,0,0,0,,0,8.53,2023,0.0,0.0
2022,대학교,사립,서울,기존,숭실대학교 ,19486,625,102,122,396,5,0,0,,0,3.21,3206,263,47,0,216,0,0,0,,0,8.2,2023,0.0,0.0
2022,사이버대학(대학),사립,서울,기존,숭실사이버대학교 ,8196,878,354,302,197,0,0,0,,25,10.71,2299,255,137,0,101,0,0,0,,17,11.09,2023,0.0,0.0
2022,대학교,사립,부산,기존,신라대학교 ,9607,935,229,339,364,0,0,0,,3,9.73,1422,95,31,0,64,0,0,0,,0,6.68,2023,0.0,0.0
2022,대학교,사립,경기,기존,신한대학교 _제2캠퍼스,6476,329,20,97,207,1,0,0,,4,5.08,1165,88,0,0,85,0,0,0,,3,7.55,2023,0.0,0.0
2022,대학교,사립,경기,기존,신한대학교 ,1819,96,3,34,55,1,0,0,,3,5.28,331,13,0,0,12,0,0,0,,1,3.93,2023,0.0,0.0
2022,대학교,사립,경기,기존,아신대학교 ,573,63,0,9,51,3,0,0,,0,10.99,50,7,0,0,7,0,0,0,,0,14.0,2023,0.0,0.0
2022,대학교,사립,경기,기존,아주대학교 ,13541,464,47,87,299,28,0,0,,3,3.43,2176,171,1,0,169,0,0,0,,1,7.86,2023,0.0,0.0
2022,대학교,국립,경북,기존,국립경국대학교 ,7414,488,11,142,330,0,0,0,,5,6.58,1188,88,3,0,84,0,0,0,,1,7.41,2023,0.0,0.0
2022,대학교,사립,경기,기존,안양대학교 ,6073,298,13,64,218,3,0,0,,0,4.91,1083,74,2,0,72,0,0,0,,0,6.83,2023,0.0,0.0
2022,대학교,사립,인천,기존,안양대학교 _제2캠퍼스,447,39,2,9,27,1,0,0,,0,8.72,137,19,2,0,17,0,0,0,,0,13.87,2023,0.0,0.0
2022,대학교,사립,서울,기존,연세대학교 ,27270,822,14,77,656,68,1,0,,2,3.01,4094,393,4,0,388,0,0,0,,1,9.6,2023,4.0,0.0
2022,대학교,사립,강원,기존,연세대학교(미래) _분교,9490,385,28,67,245,36,0,0,,2,4.06,1462,103,5,0,98,0,0,0,,0,7.05,2023,7.0,0.0
2022,대학교,사립,경북,기존,영남대학교 ,28429,1283,91,385,742,61,0,0,,4,4.51,4859,282,5,0,277,0,0,0,,0,5.8,2023,0.0,0.0
2022,대학교,사립,경북,기존,영남신학대학교 ,501,40,21,8,10,0,0,0,,1,7.98,100,12,10,0,2,0,0,0,,0,12.0,2023,0.0,0.0
2022,대학교,사립,경남,기존,영산대학교 ,2896,285,76,86,119,4,0,0,,0,9.84,469,75,45,0,30,0,0,0,,0,15.99,2023,0.0,0.0
2022,대학교,사립,부산,기존,영산대학교 _제2캠퍼스,4415,461,148,140,169,4,0,0,,0,10.44,785,95,56,0,39,0,0,0,,0,12.1,2023,0.0,0.0
2022,대학교,사립,전남,기존,영산선학대학교 ,53,2,0,0,2,0,0,0,,0,3.77,8,2,0,0,2,0,0,0,,0,25.0,2023,0.0,0.0
2022,대학교,사립,전북,기존,예수대학교 ,593,12,0,3,9,0,0,0,,0,2.02,121,2,0,0,2,0,0,0,,0,1.65,2023,0.0,0.0
2022,대학교,사립,경기,기존,예원예술대학교 _제2캠퍼스,488,58,14,7,27,4,0,0,,0,11.89,91,7,1,0,6,0,0,0,,0,7.69,2023,6.0,0.0
2022,대학교,사립,전북,기존,예원예술대학교 ,1331,146,44,17,75,9,0,0,,1,10.97,202,23,7,0,16,0,0,0,,0,11.39,2023,0.0,0.0
2022,대학교,사립,경기,기존,용인대학교 ,7755,462,82,136,232,8,0,0,,2,5.96,1340,96,5,0,91,0,0,0,,0,7.16,2023,2.0,0.0
2022,대학교,사립,전북,기존,우석대학교 ,8999,793,160,213,409,8,0,0,,2,8.81,1475,168,58,0,110,0,0,0,,0,11.39,2023,1.0,0.0
2022,대학교,사립,대전,기존,우송대학교 ,12422,582,85,130,359,5,0,0,,3,4.69,2218,102,14,0,88,0,0,0,,0,4.6,2023,0.0,0.0
2022,대학교,특별법법인,울산,기존,울산과학기술원 ,2411,93,3,10,77,3,0,0,,0,3.86,447,49,0,0,49,0,0,0,,0,10.96,2023,0.0,0.0
2022,대학교,사립,울산,기존,울산대학교 ,16938,836,16,271,528,20,0,0,,1,4.94,2896,156,0,0,155,0,0,0,,1,5.39,2023,0.0,0.0
2022,대학교,사립,전북,기존,원광대학교 ,18956,1265,29,436,794,4,0,1,,1,6.67,2990,202,6,0,195,0,0,1,,0,6.76,2023,0.0,0.0
2022,사이버대학(대학),사립,전북,기존,원광디지털대학교 ,6980,1050,269,398,368,13,0,0,,2,15.04,1509,211,102,0,108,0,0,0,,1,13.98,2023,0.0,0.0
2022,대학교,사립,경북,기존,위덕대학교 ,3317,437,160,94,182,0,0,0,,1,13.17,693,133,72,0,60,0,0,0,,1,19.19,2023,0.0,0.0
2022,대학교,사립,충북,기존,유원대학교 ,4773,636,64,257,304,5,0,0,,6,13.32,905,136,46,0,84,0,0,0,,6,15.03,2023,0.0,0.0
2022,대학교,사립,경기,기존,을지대학교 _제2캠퍼스,4479,172,5,35,131,0,0,0,,1,3.84,873,51,1,0,50,0,0,0,,0,5.84,2023,0.0,0.0
2022,대학교,사립,대전,기존,을지대학교 ,302,1,0,0,1,0,0,0,,0,0.33,49,0,0,0,0,0,0,0,,0,0.0,2023,0.0,0.0
2022,대학교,사립,경기,기존,을지대학교 _제3캠퍼스,680,17,0,1,16,0,0,0,,0,2.5,201,10,0,0,10,0,0,0,,0,4.98,2023,0.0,0.0
2022,대학교,사립,서울,기존,이화여자대학교 ,18994,476,9,34,415,17,0,0,,0,2.51,3487,220,0,0,220,0,0,0,,0,6.31,2023,1.0,0.0
2022,대학교,사립,경남,기존,인제대학교 ,10615,700,60,102,524,13,1,0,,0,6.59,1540,108,12,0,96,0,0,0,,0,7.01,2023,0.0,0.0
2022,대학교,사립,인천,기존,인천가톨릭대학교 ,75,7,0,0,7,0,0,0,,0,9.33,12,2,0,0,2,0,0,0,,0,16.67,2023,0.0,0.0
2022,대학교,사립,인천,기존,인천가톨릭대학교 _제2캠퍼스,755,39,8,4,27,0,0,0,,0,5.17,162,21,5,0,16,0,0,0,,0,12.96,2023,0.0,0.0
2022,대학교,국립대법인,인천,기존,인천대학교 ,15839,595,33,148,369,44,0,0,,1,3.76,2696,204,7,0,197,0,0,0,,0,7.57,2023,0.0,0.0
2022,대학교,사립,인천,기존,인하대학교 ,24968,790,37,217,533,1,0,0,,2,3.16,4041,276,8,1,265,0,0,0,,2,6.83,2023,0.0,0.0
2022,대학교,사립,서울,기존,장로회신학대학교 ,816,35,21,3,9,0,0,0,,0,4.29,155,8,4,0,4,0,0,0,,0,5.16,2023,2.0,0.0
2022,대학교,국립,광주,기존,전남대학교 ,21481,846,13,161,616,49,0,0,,0,3.94,3676,299,2,0,297,0,0,0,,0,8.13,2023,7.0,0.0
2022,대학교,국립,전남,기존,전남대학교 _제2캠퍼스,4165,322,5,63,247,6,0,0,,0,7.73,907,95,3,0,92,0,0,0,,0,10.47,2023,1.0,0.0
2022,대학교,국립,전북,기존,전북대학교 ,24015,997,88,216,668,22,0,0,,3,4.15,4225,290,15,0,275,0,0,0,,0,6.86,2023,0.0,0.0
2022,교육대학,국립,전북,기존,전주교육대학교 ,1169,43,0,0,43,0,0,0,,0,3.68,303,31,0,0,31,0,0,0,,0,10.23,2023,0.0,0.0
2022,대학교,사립,전북,기존,전주대학교 ,15247,1044,90,244,699,8,0,0,,3,6.85,2677,193,4,0,189,0,0,0,,0,7.21,2023,0.0,0.0
2022,기술대학,사립,서울,기존,정석대학 ,46,2,0,0,1,0,0,0,,1,4.35,17,0,0,0,0,0,0,0,,0,0.0,2023,0.0,0.0
2022,대학교,사립,제주,기존,제주국제대학교 ,796,174,31,82,60,1,0,0,,0,21.86,61,20,10,0,10,0,0,0,,0,32.79,2023,0.0,0.0
2022,대학교,국립,제주,기존,제주대학교 ,13492,732,51,263,414,1,0,0,,2,5.43,2345,154,8,0,146,0,0,0,,0,6.57,2023,1.0,0.0
2022,대학교,사립,광주,기존,조선대학교 ,25907,1308,58,443,746,19,0,2,,40,5.05,4652,262,23,0,237,0,0,0,,2,5.63,2023,0.0,0.0
2022,대학교,사립,충남,기존,중부대학교 ,11247,954,19,426,505,1,0,0,,3,8.48,1816,157,5,0,152,0,0,0,,0,8.65,2023,0.0,0.0
2022,대학교,사립,서울,기존,중앙대학교 ,25243,860,28,138,679,12,0,0,,2,3.41,4066,424,0,0,424,0,0,0,,0,10.43,2023,1.0,0.0
2022,대학교,사립,경기,기존,중앙대학교 _제2캠퍼스,6998,299,8,102,183,6,0,0,,0,4.27,1299,91,2,0,89,0,0,0,,0,7.01,2023,0.0,0.0
2022,대학교,사립,경기,기존,중앙승가대학교 ,108,16,6,3,7,0,0,0,,0,14.81,19,6,3,1,2,0,0,0,,0,31.58,2023,0.0,0.0
2022,대학교,사립,충북,기존,중원대학교 ,4819,663,209,170,281,2,0,0,,1,13.76,770,135,79,0,56,0,0,0,,0,17.53,2023,0.0,0.0
2022,교육대학,국립,경남,기존,진주교육대학교 ,1332,25,0,0,25,0,0,0,,0,1.88,338,19,0,0,19,0,0,0,,0,5.62,2023,0.0,0.0
2022,대학교,사립,경기,기존,차의과학대학교 ,2658,155,19,16,117,2,0,0,,1,5.83,539,68,8,0,60,0,0,0,,0,12.62,2023,0.0,0.0
2022,대학교,사립,경남,기존,창신대학교 ,2170,216,73,55,88,0,0,0,,0,9.95,343,26,6,0,20,0,0,0,,0,7.58,2023,0.0,0.0
2022,대학교,국립,경남,기존,국립창원대학교 ,10637,564,27,122,400,0,0,0,,15,5.3,1867,126,7,0,119,0,0,0,,0,6.75,2023,0.0,0.0
2022,산업대학,사립,충남,기존,청운대학교 ,7614,678,143,193,326,12,0,0,,4,8.9,1288,142,36,0,106,0,0,0,,0,11.02,2023,0.0,0.0
2022,교육대학,국립,충북,기존,청주교육대학교 ,1206,44,2,1,41,0,0,0,,0,3.65,309,30,2,0,28,0,0,0,,0,9.71,2023,0.0,0.0
2022,대학교,사립,충북,기존,청주대학교 ,15767,767,1,204,561,0,0,0,,1,4.86,2784,178,1,0,177,0,0,0,,0,6.39,2023,0.0,0.0
2022,대학교,사립,전남,기존,초당대학교 ,3931,667,287,143,218,6,0,0,,13,16.97,824,232,176,0,53,0,0,0,,3,28.16,2023,0.0,0.0
2022,대학교,사립,서울,기존,총신대학교 ,1824,63,2,8,37,12,0,0,,3,3.45,333,16,0,0,16,0,0,0,,0,4.8,2023,1.0,0.0
2022,대학교,사립,서울,기존,추계예술대학교 ,1401,77,2,10,58,7,0,0,,0,5.5,272,27,0,0,26,1,0,0,,0,9.93,2023,0.0,0.0
2022,교육대학,국립,강원,기존,춘천교육대학교 ,1330,52,10,1,40,1,0,0,,0,3.91,337,33,7,0,26,0,0,0,,0,9.79,2023,0.0,0.0
2022,대학교,국립,대전,기존,충남대학교 ,22413,937,42,121,709,10,0,0,,1,4.18,3859,353,5,0,348,0,0,0,,0,9.15,2023,54.0,0.0
2022,대학교,국립,충북,기존,충북대학교 ,17687,721,35,127,552,0,0,6,,1,4.08,3038,227,4,0,223,0,0,0,,0,7.47,2023,0.0,0.0
2022,대학교,사립,경기,기존,칼빈대학교 ,563,64,10,1,30,5,0,0,,18,11.37,98,7,0,0,7,0,0,0,,0,7.14,2023,0.0,0.0
2022,대학교,사립,경기,기존,평택대학교 ,4456,396,36,155,176,4,0,0,,25,8.89,813,94,0,19,67,0,0,0,,8,11.56,2023,0.0,0.0
2022,대학교,사립,경북,기존,포항공과대학교 ,1675,36,0,1,30,4,0,0,,1,2.15,329,18,0,0,18,0,0,0,,0,5.47,2023,0.0,0.0
2022,대학교,국립,경기,기존,한경국립대학교 ,6971,439,42,78,304,14,0,0,,1,6.3,1207,105,4,0,101,0,0,0,,0,8.7,2023,0.0,0.0
2022,대학교,사립,경기,기존,한국공학대학교 ,9826,502,50,116,326,4,0,0,,6,5.11,1834,166,8,26,130,0,0,0,,2,9.05,2023,0.0,0.0
2022,대학교,특별법법인,대전,기존,한국과학기술원 ,4775,125,0,5,83,28,0,0,,9,2.62,782,34,0,1,31,0,0,0,,2,4.35,2023,0.0,0.0
2022,대학교,국립,충북,기존,한국교원대학교 ,2596,66,0,1,63,1,0,0,,0,2.54,590,37,0,0,37,0,0,0,,0,6.27,2023,1.0,0.0
2022,대학교,국립,충북,기존,국립한국교통대학교 ,11608,726,29,170,497,18,0,0,,12,6.25,2118,190,6,0,183,0,0,0,,1,8.97,2023,0.0,0.0
2022,대학교,사립,충남,기존,한국기술교육대학교 ,5923,268,12,55,183,3,0,0,,14,4.52,983,88,1,0,84,0,0,0,,3,8.95,2023,1.0,0.0
2022,방송통신대학,국립,서울,기존,한국방송통신대학교 ,136789,28396,21757,215,4875,0,0,0,,1549,20.76,9073,917,0,0,841,0,0,0,,76,10.11,2023,0.0,0.0
2022,대학교,사립,서울,기존,한국성서대학교 ,1209,69,4,13,42,0,0,0,,0,5.71,240,20,1,0,19,0,0,0,,0,8.33,2023,10.0,0.0
2022,대학교,특별법법인,전남,기존,한국에너지공과대학교 ,107,7,0,0,6,0,0,0,,1,6.54,107,7,0,0,6,0,0,0,,1,6.54,2023,0.0,0.0
2022,사이버대학(대학),사립,서울,기존,한국열린사이버대학교 ,6283,1120,442,322,292,0,0,0,,64,17.83,1720,339,187,0,125,0,0,0,,27,19.71,2023,0.0,0.0
2022,각종학교(대학),특별법국립,서울,기존,한국예술종합학교 ,3276,66,2,17,20,16,0,0,,0,2.01,559,8,0,0,8,0,0,0,,0,1.43,2023,11.0,0.0
2022,대학교,사립,서울,기존,한국외국어대학교 ,22720,912,40,150,664,42,0,0,,2,4.01,3821,413,3,0,410,0,0,0,,0,10.81,2023,14.0,0.0
2022,대학교,특별법국립,충남,기존,한국전통문화대학교 ,744,1,0,1,0,0,0,0,,0,0.13,145,0,0,0,0,0,0,0,,0,0.0,2023,0.0,0.0
2022,대학교,국립,서울,기존,한국체육대학교 ,3031,69,7,14,27,10,0,0,,11,2.28,572,16,0,0,14,0,0,0,,2,2.8,2023,0.0,0.0
2022,대학교,사립,대전,기존,한국침례신학대학교 ,1208,75,5,16,53,0,0,0,,1,6.21,186,7,1,0,6,0,0,0,,0,3.76,2023,0.0,0.0
2022,대학교,사립,경기,기존,한국항공대학교 ,5917,231,6,35,189,0,0,0,,1,3.9,993,78,0,0,78,0,0,0,,0,7.85,2023,0.0,0.0
2022,대학교,국립,부산,기존,국립한국해양대학교 ,8078,347,21,66,245,7,0,0,,1,4.3,1494,100,4,0,96,0,0,0,,0,6.69,2023,7.0,0.0
2022,대학교,사립,대전,기존,한남대학교 ,15444,866,66,226,569,0,0,0,,5,5.61,2928,208,11,0,196,0,0,0,,1,7.1,2023,0.0,0.0
2022,대학교,사립,경북,기존,한동대학교 ,5333,157,3,35,74,44,1,0,,0,2.94,813,14,0,0,14,0,0,0,,0,1.72,2023,0.0,0.0
2022,대학교,사립,강원,기존,한라대학교 ,4479,347,35,100,212,0,0,0,,0,7.75,577,59,19,0,40,0,0,0,,0,10.23,2023,0.0,0.0
2022,대학교,사립,강원,기존,한림대학교 ,10365,448,4,123,300,19,0,0,,2,4.32,1873,111,0,0,111,0,0,0,,0,5.93,2023,0.0,0.0
2022,대학교,국립,대전,기존,국립한밭대학교 ,11259,641,54,173,377,35,0,0,,2,5.69,2079,135,11,0,124,0,0,0,,0,6.49,2023,0.0,0.0
2022,대학교,사립,충남,기존,한서대학교 ,8857,559,99,86,344,0,0,0,,30,6.31,1589,154,47,0,107,0,0,0,,0,9.69,2023,0.0,0.0
2022,대학교,사립,서울,기존,한성대학교 ,9484,393,95,85,207,5,0,0,,1,4.14,1646,145,38,0,107,0,0,0,,0,8.81,2023,0.0,0.0
2022,대학교,사립,경기,기존,한세대학교 ,3304,188,9,53,124,2,0,0,,0,5.69,611,53,4,0,49,0,0,0,,0,8.67,2023,0.0,0.0
2022,대학교,사립,경기,기존,한신대학교 ,7588,483,78,147,251,7,0,0,,0,6.37,1240,84,6,0,78,0,0,0,,0,6.77,2023,0.0,0.0
2022,대학교,사립,서울,기존,한양대학교 ,22284,802,74,105,612,7,0,3,,1,3.6,3680,380,3,0,377,0,0,0,,0,10.33,2023,0.0,0.0
2022,대학교,사립,경기,기존,한양대학교(ERICA) _분교,13964,361,21,30,303,5,0,0,,2,2.59,2397,130,3,0,127,0,0,0,,0,5.42,2023,0.0,0.0
2022,사이버대학(대학),사립,서울,기존,한양사이버대학교 ,18279,2632,1397,386,840,0,0,0,,9,14.4,4511,702,370,3,327,0,0,0,,2,15.56,2023,0.0,0.0
2022,대학교,사립,전북,기존,한일장신대학교 ,1035,117,23,46,45,0,0,0,,1,11.3,222,27,7,0,20,0,0,0,,0,12.16,2023,2.0,0.0
2022,대학교,사립,경기,기존,협성대학교 ,5383,346,22,76,197,0,0,0,,51,6.43,1070,94,3,0,75,0,0,0,,16,8.79,2023,0.0,0.0
2022,대학교,사립,광주,기존,호남대학교 ,8926,671,103,151,417,0,0,0,,0,7.52,1549,133,44,0,89,0,0,0,,0,8.59,2023,0.0,0.0
2022,대학교,사립,광주,기존,호남신학대학교 ,814,40,0,0,39,0,0,0,,0,4.91,119,12,0,0,12,0,0,0,,0,10.08,2023,1.0,0.0
2022,대학교,사립,충남,기존,호서대학교 ,16155,923,84,159,597,3,0,0,,80,5.71,3087,304,66,0,230,0,0,0,,8,9.85,2023,0.0,0.0
2022,산업대학,사립,전북,기존,호원대학교 ,6644,745,209,177,358,0,0,0,,1,11.21,1376,211,111,0,100,0,0,0,,0,15.33,2023,0.0,0.0
2022,대학교,사립,세종,기존,홍익대학교 _제2캠퍼스,7961,441,68,64,288,11,0,0,,0,5.54,1383,180,39,0,141,0,0,0,,0,13.02,2023,10.0,0.0
2022,대학교,사립,서울,기존,홍익대학교 ,17235,628,67,70,434,35,0,0,,3,3.64,2876,281,28,0,253,0,0,0,,0,9.77,2023,19.0,0.0
2022,대학교,사립,경기,기존,화성의과학대학교 ,586,53,4,15,34,0,0,0,,0,9.04,71,10,0,0,10,0,0,0,,0,14.08,2023,0.0,0.0
2022,사이버대학(대학),사립,부산,기존,화신사이버대학교 ,1694,240,103,40,95,0,0,0,,2,14.17,544,103,41,0,60,0,0,0,,2,18.93,2023,0.0,0.0
2023,대학교,사립,경남,기존,가야대학교(김해) ,2153,207,21,39,147,0,0,0,,0,9.6,407,58,11,0,47,0,0,0,,0,14.3,2024,0.0,0.0
2023,대학교,사립,경기,기존,가천대학교 ,27102,966,78,185,700,0,0,0,,3,3.6,4856,380,9,0,371,0,0,0,,0,7.8,2024,0.0,0.0
2023,대학교,사립,강원,기존,가톨릭관동대학교 ,9398,861,15,366,478,0,0,0,,2,9.2,1078,74,0,0,74,0,0,0,,0,6.9,2024,0.0,0.0
2023,대학교,사립,충북,기존,가톨릭꽃동네대학교 ,554,29,2,0,27,0,0,0,,0,5.2,110,12,2,0,10,0,0,0,,0,10.9,2024,0.0,0.0
2023,대학교,사립,경기,기존,가톨릭대학교 ,9546,362,15,74,265,8,0,0,,0,3.8,1842,160,2,0,158,0,0,0,,0,8.7,2024,0.0,0.0
2023,대학교,사립,서울,기존,가톨릭대학교 _제2캠퍼스,966,13,0,0,9,0,0,0,,0,1.3,182,3,0,0,3,0,0,0,,0,1.6,2024,4.0,0.0
2023,대학교,사립,서울,기존,가톨릭대학교 _제3캠퍼스,312,16,1,2,12,1,0,0,,0,5.1,51,5,1,0,4,0,0,0,,0,9.8,2024,0.0,0.0
2023,대학교,사립,서울,기존,감리교신학대학교 ,849,69,0,24,34,7,0,0,,0,8.1,120,7,0,0,7,0,0,0,,0,5.8,2024,4.0,0.0
2023,대학교,사립,경기,기존,강남대학교 ,8716,497,37,101,347,11,0,0,,1,5.7,1591,180,8,0,172,0,0,0,,0,11.3,2024,0.0,0.0
2023,대학교,사립,서울,기존,강서대학교 ,2035,120,3,29,88,0,0,0,,0,5.9,395,36,0,0,36,0,0,0,,0,9.1,2024,0.0,0.0
2023,대학교,국립,강원,기존,강원대학교 ,19923,624,64,0,540,15,0,1,,4,3.1,3387,257,18,0,238,0,0,0,,1,7.6,2024,0.0,0.0
2023,대학교,국립,강원,기존,강원대학교 _제2캠퍼스,8937,483,21,0,450,6,0,2,,4,5.4,1455,145,9,0,135,0,0,0,,1,10.0,2024,0.0,0.0
2023,대학교,사립,서울,기존,건국대학교 ,22435,648,21,112,513,0,0,0,,2,2.9,3476,332,3,0,329,0,0,0,,0,9.6,2024,0.0,0.0
2023,대학교,사립,충북,기존,건국대학교(글로컬) _분교,10128,391,8,91,290,0,0,0,,2,3.9,1663,105,2,0,102,0,0,0,,1,6.3,2024,0.0,0.0
2023,대학교,사립,충남,기존,건양대학교 ,3791,280,42,40,195,1,0,0,,2,7.4,744,102,23,0,79,0,0,0,,0,13.7,2024,0.0,0.0
2023,대학교,사립,대전,기존,건양대학교 _제2캠퍼스,4161,206,17,19,168,1,0,0,,1,5.0,922,91,7,0,84,0,0,0,,0,9.9,2024,0.0,0.0
2023,사이버대학(대학),사립,대전,기존,건양사이버대학교 ,3862,336,183,49,100,2,0,0,,2,8.7,1150,105,61,0,44,0,0,0,,0,9.1,2024,0.0,0.0
2023,대학교,사립,경기,기존,경기대학교 ,16414,624,49,120,437,16,0,0,,2,3.8,2831,253,12,0,240,0,0,0,,1,8.9,2024,0.0,0.0
2023,대학교,사립,서울,기존,경기대학교 _제2캠퍼스,2616,104,13,30,56,4,1,0,,0,4.0,386,30,2,0,28,0,0,0,,0,7.8,2024,0.0,0.0
2023,대학교,국립,경남,폐교,경남과학기술대학교 ,4138,230,9,83,136,2,0,0,,0,5.6,0,0,0,0,0,0,0,0,,0,0.0,2024,0.0,0.0
2023,대학교,사립,경남,기존,경남대학교 ,13132,950,67,274,609,0,0,0,,0,7.2,1875,144,15,0,129,0,0,0,,0,7.7,2024,0.0,0.0
2023,대학교,사립,강원,기존,경동대학교 ,866,88,12,47,25,3,0,0,,1,10.2,193,2,1,0,1,0,0,0,,0,1.0,2024,0.0,0.0
2023,대학교,사립,강원,기존,경동대학교 _제3캠퍼스,4543,221,13,45,155,6,1,0,,1,4.9,984,67,1,0,65,0,1,0,,0,6.8,2024,0.0,0.0
2023,대학교,사립,경기,기존,경동대학교 _제4캠퍼스,3668,279,29,93,153,3,0,0,,1,7.6,642,60,11,0,49,0,0,0,,0,9.3,2024,0.0,0.0
2023,대학교,국립,대구,기존,경북대학교 ,28665,1093,42,127,886,32,2,0,,3,3.8,5079,465,9,0,455,0,0,0,,1,9.2,2024,1.0,0.0
2023,대학교,국립,경남,기존,경상국립대학교 ,20262,1077,40,166,854,8,0,1,,8,5.3,4553,390,17,1,370,0,0,0,,2,8.6,2024,0.0,0.0
2023,대학교,사립,부산,기존,경성대학교 ,16061,976,105,179,688,0,0,0,,4,6.1,3130,211,27,0,184,0,0,0,,0,6.7,2024,0.0,0.0
2023,대학교,사립,경북,기존,경운대학교 ,5719,646,219,194,228,5,0,0,,0,11.3,1212,132,68,0,64,0,0,0,,0,10.9,2024,0.0,0.0
2023,교육대학,국립,경기,기존,경인교육대학교 _제2캠퍼스,1293,16,2,2,10,0,0,1,,1,1.2,0,0,0,0,0,0,0,0,,0,0.0,2024,0.0,0.0
2023,교육대학,국립,인천,기존,경인교육대학교 ,1283,86,4,5,77,0,0,0,,0,6.7,644,60,3,0,57,0,0,0,,0,9.3,2024,0.0,0.0
2023,대학교,사립,경북,기존,경일대학교 ,8774,636,99,205,325,5,0,0,,2,7.2,1554,142,43,2,97,0,0,0,,0,9.1,2024,0.0,0.0
2023,대학교,사립,서울,기존,경희대학교 ,33431,1099,60,151,819,66,0,0,,3,3.3,5759,532,7,0,525,0,0,0,,0,9.2,2024,0.0,0.0
2023,사이버대학(대학),사립,서울,기존,경희사이버대학교 ,12277,2306,1499,282,510,0,0,0,,15,18.8,2826,547,356,0,185,0,0,0,,6,19.4,2024,0.0,0.0
2023,대학교,사립,대구,기존,계명대학교 ,28949,1429,63,402,943,19,1,0,,1,4.9,4976,309,12,0,296,0,1,0,,0,6.2,2024,0.0,0.0
2023,대학교,사립,서울,기존,고려대학교 ,26684,860,14,61,730,46,0,0,,0,3.2,4589,474,1,0,473,0,0,0,,0,10.3,2024,9.0,0.0
2023,대학교,사립,세종,기존,고려대학교(세종) _분교,9047,486,11,91,327,34,0,0,,0,5.4,1592,151,1,0,150,0,0,0,,0,9.5,2024,23.0,0.0
2023,사이버대학(대학),사립,서울,기존,고려사이버대학교 ,11596,1680,712,460,508,0,0,0,,0,14.5,2180,328,157,0,171,0,0,0,,0,15.0,2024,0.0,0.0
2023,대학교,사립,부산,기존,고신대학교 ,3945,395,35,23,337,0,0,0,,0,10.0,745,154,7,0,147,0,0,0,,0,20.7,2024,0.0,0.0
2023,교육대학,국립,충남,기존,공주교육대학교 ,1419,57,0,3,54,0,0,0,,0,4.0,376,27,0,0,27,0,0,0,,0,7.2,2024,0.0,0.0
2023,대학교,사립,광주,기존,광신대학교 ,521,62,29,13,20,0,0,0,,0,11.9,122,26,17,0,9,0,0,0,,0,21.3,2024,0.0,0.0
2023,대학교,사립,서울,기존,광운대학교 ,11406,562,28,183,309,41,0,0,,1,4.9,1929,212,4,0,208,0,0,0,,0,11.0,2024,0.0,0.0
2023,대학교,사립,전남,기존,광주가톨릭대학교 ,103,4,0,0,4,0,0,0,,0,3.9,13,0,0,0,0,0,0,0,,0,0.0,2024,0.0,0.0
2023,대학교,특별법법인,광주,기존,광주과학기술원 ,1050,39,2,4,33,0,0,0,,0,3.7,214,16,0,0,16,0,0,0,,0,7.5,2024,0.0,0.0
2023,교육대학,국립,광주,기존,광주교육대학교 ,1335,47,0,0,45,0,0,1,,1,3.5,352,25,0,0,25,0,0,0,,0,7.1,2024,0.0,0.0
2023,대학교,사립,광주,기존,광주대학교 ,7359,745,149,323,269,0,0,0,,4,10.1,1236,186,107,0,79,0,0,0,,0,15.0,2024,0.0,0.0
2023,대학교,사립,광주,기존,광주여자대학교 ,3777,378,210,34,131,0,0,0,,3,10.0,902,214,162,0,52,0,0,0,,0,23.7,2024,0.0,0.0
2023,대학교,국립,강원,기존,국립강릉원주대학교 ,7101,440,9,107,317,6,0,0,,1,6.2,1271,101,1,0,100,0,0,0,,0,7.9,2024,0.0,0.0
2023,대학교,국립,강원,기존,국립강릉원주대학교 _제2캠퍼스,2844,147,9,30,101,2,0,0,,5,5.2,509,38,3,0,35,0,0,0,,0,7.5,2024,0.0,0.0
2023,대학교,국립,충남,기존,국립공주대학교 ,15994,779,33,80,664,0,0,0,,2,4.9,3232,263,14,0,249,0,0,0,,0,8.1,2024,0.0,0.0
2023,대학교,국립,전북,기존,국립군산대학교 ,8737,802,66,182,552,0,0,0,,2,9.2,1674,204,31,0,172,0,0,0,,1,12.2,2024,0.0,0.0
2023,대학교,국립,경북,기존,국립금오공과대학교 ,7507,375,21,85,256,10,0,0,,3,5.0,1303,83,1,0,82,0,0,0,,0,6.4,2024,0.0,0.0
2023,대학교,국립,전남,기존,국립목포대학교 ,8309,615,48,213,353,0,0,0,,1,7.4,1384,122,12,1,109,0,0,0,,0,8.8,2024,0.0,0.0
2023,대학교,국립,전남,기존,국립목포해양대학교 ,3016,247,8,52,177,10,0,0,,0,8.2,671,81,5,0,76,0,0,0,,0,12.1,2024,0.0,0.0
2023,대학교,국립,부산,기존,국립부경대학교 ,20806,876,63,153,651,8,1,0,,0,4.2,3610,277,9,0,268,0,0,0,,0,7.7,2024,0.0,0.0
2023,대학교,국립,전남,기존,국립순천대학교 ,8786,612,41,137,431,0,0,0,,3,7.0,1684,145,10,0,135,0,0,0,,0,8.6,2024,0.0,0.0
2023,대학교,국립,경북,기존,국립경국대학교 ,6914,483,21,130,328,0,0,0,,4,7.0,1237,101,3,0,98,0,0,0,,0,8.2,2024,0.0,0.0
2023,대학교,국립,경남,기존,국립창원대학교 ,10423,587,48,135,400,0,0,0,,4,5.6,1873,155,11,0,140,0,0,0,,4,8.3,2024,0.0,0.0
2023,대학교,국립,충북,기존,국립한국교통대학교 ,11340,706,28,184,478,12,0,0,,4,6.2,2110,156,7,0,147,0,0,0,,2,7.4,2024,0.0,0.0
2023,대학교,국립,부산,기존,국립한국해양대학교 ,7984,351,12,53,271,9,0,0,,4,4.4,1490,119,3,0,115,0,0,0,,1,8.0,2024,2.0,0.0
2023,대학교,국립,대전,기존,국립한밭대학교 ,11216,673,30,169,429,44,0,0,,1,6.0,2124,168,3,1,164,0,0,0,,0,7.9,2024,0.0,0.0
2023,대학교,사립,서울,기존,국민대학교 ,20692,718,95,155,436,16,0,0,,16,3.5,3469,326,81,0,245,0,0,0,,0,9.4,2024,0.0,0.0
2023,사이버대학(대학),사립,경기,기존,국제사이버대학교 ,4026,615,244,212,144,5,0,0,,10,15.3,1086,203,133,0,68,0,0,0,,2,18.7,2024,0.0,0.0
2023,대학교,사립,충북,기존,극동대학교 ,3901,362,15,123,214,10,0,0,,0,9.3,553,53,5,0,48,0,0,0,,0,9.6,2024,0.0,0.0
2023,사이버대학(대학),사립,충남,기존,글로벌사이버대학교 ,2486,397,213,95,85,4,0,0,,0,16.0,676,101,66,0,35,0,0,0,,0,14.9,2024,0.0,0.0
2023,대학교,사립,충남,기존,금강대학교 ,287,72,21,16,33,0,0,0,,2,25.1,57,33,17,0,16,0,0,0,,0,57.9,2024,0.0,0.0
2023,대학교,사립,경북,기존,김천대학교 ,2947,375,69,115,187,3,0,0,,1,12.7,576,96,38,0,57,0,0,0,,1,16.7,2024,0.0,0.0
2023,대학교,사립,충남,기존,나사렛대학교 ,6317,646,336,0,292,17,0,0,,1,10.2,1292,135,18,0,117,0,0,0,,0,10.4,2024,0.0,0.0
2023,대학교,사립,광주,기존,남부대학교 ,3340,304,118,57,126,2,0,0,,1,9.1,628,120,83,0,37,0,0,0,,0,19.1,2024,0.0,0.0
2023,대학교,사립,충남,기존,남서울대학교 ,12128,666,24,140,426,14,0,0,,62,5.5,2366,189,5,0,162,0,0,0,,22,8.0,2024,0.0,0.0
2023,대학교,사립,경기,기존,단국대학교 ,15524,543,36,81,410,14,0,0,,2,3.5,2592,249,5,0,243,0,0,0,,1,9.6,2024,0.0,0.0
2023,대학교,사립,충남,기존,단국대학교 _제2캠퍼스,13755,667,50,93,505,18,0,0,,1,4.8,2515,255,9,0,246,0,0,0,,0,10.1,2024,0.0,0.0
2023,대학교,사립,경북,기존,대구가톨릭대학교 ,14679,971,113,208,593,0,0,0,,4,6.6,2591,215,37,1,176,0,0,0,,1,8.3,2024,53.0,0.0
2023,대학교,특별법법인,대구,기존,대구경북과학기술원 ,1073,41,2,1,26,11,0,0,,1,3.8,213,17,1,0,16,0,0,0,,0,8.0,2024,0.0,0.0
2023,교육대학,국립,대구,기존,대구교육대학교 ,1602,55,6,2,42,5,0,0,,0,3.4,411,33,6,0,24,3,0,0,,0,8.0,2024,0.0,0.0
2023,대학교,사립,경북,기존,대구대학교 ,21395,1562,149,416,995,0,0,0,,2,7.3,3983,354,38,0,316,0,0,0,,0,8.9,2024,0.0,0.0
2023,사이버대학(대학),사립,경북,기존,대구사이버대학교 ,5719,1149,335,359,420,0,0,0,,35,20.1,1514,256,87,0,161,0,0,0,,8,16.9,2024,0.0,0.0
2023,대학교,사립,경북,기존,대구예술대학교 ,697,151,5,53,92,0,0,0,,1,21.7,67,23,2,0,21,0,0,0,,0,34.3,2024,0.0,0.0
2023,대학교,사립,경북,기존,대구한의대학교 ,7964,806,182,199,355,0,0,0,,70,10.1,1694,253,112,0,141,0,0,0,,0,14.9,2024,0.0,0.0
2023,대학교,사립,경북,기존,대신대학교 ,600,31,0,0,31,0,0,0,,0,5.2,116,15,0,0,15,0,0,0,,0,12.9,2024,0.0,0.0
2023,대학교,사립,세종,기존,대전가톨릭대학교 ,51,4,0,0,4,0,0,0,,0,7.8,9,0,0,0,0,0,0,0,,0,0.0,2024,0.0,0.0
2023,대학교,사립,대전,기존,대전대학교 ,11469,751,30,161,505,0,0,0,,55,6.5,1974,170,10,0,152,0,0,0,,8,8.6,2024,0.0,0.0
2023,대학교,사립,대전,기존,대전신학대학교 ,54,5,0,4,1,0,0,0,,0,9.3,6,0,0,0,0,0,0,0,,0,0.0,2024,0.0,0.0
2023,대학교,사립,경기,기존,대진대학교 ,9980,619,81,144,393,0,0,0,,1,6.2,1848,221,47,0,174,0,0,0,,0,12.0,2024,0.0,0.0
2023,대학교,사립,서울,기존,덕성여자대학교 ,6507,314,79,18,175,14,0,0,,1,4.8,1209,181,72,0,103,6,0,0,,0,15.0,2024,27.0,0.0
2023,대학교,사립,서울,기존,동국대학교 ,18230,599,20,130,427,22,0,0,,0,3.3,3236,282,4,0,278,0,0,0,,0,8.7,2024,0.0,0.0
2023,대학교,사립,경북,기존,동국대학교(WISE) _분교,9838,688,15,171,500,0,0,0,,2,7.0,1833,155,4,0,151,0,0,0,,0,8.5,2024,0.0,0.0
2023,대학교,사립,서울,기존,동덕여자대학교 ,8085,417,133,25,237,21,0,0,,1,5.2,1749,274,120,0,151,3,0,0,,0,15.7,2024,0.0,0.0
2023,대학교,사립,부산,기존,동명대학교 ,9801,1000,86,334,576,0,0,0,,4,10.2,1521,129,16,1,112,0,0,0,,0,8.5,2024,0.0,0.0
2023,대학교,사립,부산,기존,동서대학교 ,12122,846,69,326,448,0,0,0,,3,7.0,2084,137,19,0,118,0,0,0,,0,6.6,2024,0.0,0.0
2023,대학교,사립,전남,기존,동신대학교 ,7125,781,282,122,374,3,0,0,,0,11.0,1390,307,168,0,139,0,0,0,,0,22.1,2024,0.0,0.0
2023,대학교,사립,부산,기존,동아대학교 ,24504,1062,122,216,698,19,0,3,,4,4.3,4401,245,17,0,227,0,0,0,,1,5.6,2024,0.0,0.0
2023,대학교,사립,경북,기존,동양대학교 ,5210,559,152,76,331,0,0,0,,0,10.7,1057,150,56,0,94,0,0,0,,0,14.2,2024,0.0,0.0
2023,대학교,사립,부산,기존,동의대학교 ,19880,1371,130,355,884,0,0,1,,1,6.9,3786,298,32,0,266,0,0,0,,0,7.9,2024,0.0,0.0
2023,사이버대학(대학),사립,서울,기존,디지털서울문화예술대학교 ,3822,619,214,181,223,0,0,0,,1,16.2,809,159,75,0,84,0,0,0,,0,19.7,2024,0.0,0.0
2023,대학교,사립,경기,기존,루터대학교 ,396,47,6,7,29,0,0,0,,4,11.9,86,10,0,0,9,0,0,0,,1,11.6,2024,1.0,0.0
2023,대학교,사립,서울,기존,명지대학교 _제2캠퍼스,10265,429,28,114,255,19,0,0,,13,4.2,1614,133,9,0,124,0,0,0,,0,8.2,2024,0.0,0.0
2023,대학교,사립,경기,기존,명지대학교 ,8565,327,14,82,222,9,0,0,,0,3.8,1335,91,6,0,85,0,0,0,,0,6.8,2024,0.0,0.0
2023,대학교,사립,대전,기존,목원대학교 ,9602,692,194,0,498,0,0,0,,0,7.2,1888,165,7,0,158,0,0,0,,0,8.7,2024,0.0,0.0
2023,대학교,사립,전남,기존,목포가톨릭대학교 ,567,16,0,2,14,0,0,0,,0,2.8,121,2,0,0,2,0,0,0,,0,1.7,2024,0.0,0.0
2023,대학교,사립,대전,기존,배재대학교 ,9769,783,90,199,491,0,0,0,,3,8.0,1911,164,14,0,150,0,0,0,,0,8.6,2024,0.0,0.0
2023,대학교,사립,충남,기존,백석대학교 ,15436,909,87,196,614,11,0,0,,1,5.9,3084,239,27,0,212,0,0,0,,0,7.7,2024,0.0,0.0
2023,대학교,사립,부산,기존,부산가톨릭대학교 ,4122,193,22,35,136,0,0,0,,0,4.7,741,42,6,0,36,0,0,0,,0,5.7,2024,0.0,0.0
2023,교육대학,국립,부산,기존,부산교육대학교 ,1499,67,2,6,59,0,0,0,,0,4.5,387,31,1,0,30,0,0,0,,0,8.0,2024,0.0,0.0
2023,대학교,국립,부산,기존,부산대학교 ,26400,958,51,212,638,50,0,0,,7,3.6,4660,327,4,0,322,0,0,0,,1,7.0,2024,0.0,0.0
2023,사이버대학(대학),사립,부산,기존,부산디지털대학교 ,2721,371,90,134,147,0,0,0,,0,13.6,645,76,21,0,55,0,0,0,,0,11.8,2024,0.0,0.0
2023,대학교,사립,부산,기존,부산외국어대학교 ,10014,746,31,175,540,0,0,0,,0,7.4,1682,135,5,0,130,0,0,0,,0,8.0,2024,0.0,0.0
2023,대학교,사립,경남,기존,부산장신대학교 ,158,17,1,6,10,0,0,0,,0,10.8,32,7,1,0,6,0,0,0,,0,21.9,2024,0.0,0.0
2023,사이버대학(대학),사립,서울,기존,사이버한국외국어대학교 ,8040,1725,656,544,467,58,0,0,,0,21.5,1870,332,157,0,175,0,0,0,,0,17.8,2024,0.0,0.0
2023,대학교,사립,서울,기존,삼육대학교 ,7060,287,34,60,189,4,0,0,,0,4.1,1218,99,7,0,92,0,0,0,,0,8.1,2024,0.0,0.0
2023,대학교,사립,서울,기존,상명대학교 ,8528,366,23,63,273,5,0,0,,2,4.3,1561,162,1,0,161,0,0,0,,0,10.4,2024,0.0,0.0
2023,대학교,사립,충남,기존,상명대학교 _제2캠퍼스,7584,334,4,81,246,3,0,0,,0,4.4,1442,93,0,0,93,0,0,0,,0,6.4,2024,0.0,0.0
2023,대학교,사립,강원,기존,상지대학교 ,9180,869,89,213,565,1,0,0,,1,9.5,1629,220,31,0,188,0,0,0,,1,13.5,2024,0.0,0.0
2023,대학교,사립,서울,기존,서강대학교 ,11553,401,14,39,307,39,0,0,,0,3.5,1882,217,5,0,191,21,0,0,,0,11.5,2024,2.0,0.0
2023,대학교,사립,서울,기존,서경대학교 ,8773,460,48,64,332,16,0,0,,0,5.2,1720,153,4,0,149,0,0,0,,0,8.9,2024,0.0,0.0
2023,대학교,국립,서울,기존,서울과학기술대학교 ,13641,514,28,101,349,34,0,0,,2,3.8,2421,232,4,1,227,0,0,0,,0,9.6,2024,0.0,0.0
2023,교육대학,국립,서울,기존,서울교육대학교 ,1497,96,6,0,87,2,0,0,,1,6.4,392,61,3,0,58,0,0,0,,0,15.6,2024,0.0,0.0
2023,대학교,사립,서울,기존,서울기독대학교 ,493,56,3,0,53,0,0,0,,0,11.4,119,29,0,0,29,0,0,0,,0,24.4,2024,0.0,0.0
2023,대학교,국립대법인,서울,기존,서울대학교 ,21432,436,13,40,366,12,0,0,,5,2.0,3480,225,0,0,224,0,0,0,,1,6.5,2024,0.0,0.0
2023,사이버대학(대학),사립,서울,기존,서울디지털대학교 ,12403,2495,1154,807,531,0,0,0,,3,20.1,2458,482,294,1,187,0,0,0,,0,19.6,2024,0.0,0.0
2023,사이버대학(대학),사립,서울,기존,서울사이버대학교 ,18629,2856,875,846,1074,42,0,0,,19,15.3,4812,788,308,0,475,0,0,0,,5,16.4,2024,0.0,0.0
2023,대학교,공립,서울,기존,서울시립대학교 ,11900,342,44,34,214,27,0,0,,4,2.9,1863,162,31,0,129,0,0,0,,2,8.7,2024,19.0,0.0
2023,대학교,사립,경기,기존,서울신학대학교 ,2456,142,5,23,112,1,0,0,,1,5.8,487,52,3,0,49,0,0,0,,0,10.7,2024,0.0,0.0
2023,대학교,사립,서울,기존,서울여자대학교 ,8726,406,19,31,348,7,0,0,,1,4.7,1814,233,3,1,229,0,0,0,,0,12.8,2024,0.0,0.0
2023,대학교,사립,경기,기존,서울장신대학교 ,379,54,4,14,35,0,0,0,,1,14.2,75,15,4,0,11,0,0,0,,0,20.0,2024,0.0,0.0
2023,대학교,사립,서울,기존,서울한영대학교 ,839,102,6,17,79,0,0,0,,0,12.2,195,38,3,0,35,0,0,0,,0,19.5,2024,0.0,0.0
2023,대학교,사립,충북,기존,서원대학교 ,8629,539,6,117,373,11,0,0,,32,6.2,1821,135,0,0,128,0,0,0,,7,7.4,2024,0.0,0.0
2023,대학교,사립,충남,기존,선문대학교 ,12066,939,192,250,495,1,0,0,,1,7.8,2221,271,78,0,193,0,0,0,,0,12.2,2024,0.0,0.0
2023,대학교,사립,경기,기존,성결대학교 ,7024,386,40,100,236,10,0,0,,0,5.5,1300,116,12,0,104,0,0,0,,0,8.9,2024,0.0,0.0
2023,대학교,사립,서울,기존,성공회대학교 ,2862,154,12,23,116,0,0,0,,3,5.4,529,55,4,0,51,0,0,0,,0,10.4,2024,0.0,0.0
2023,대학교,사립,서울,기존,성균관대학교 ,25362,765,19,48,677,21,0,0,,0,3.0,4189,445,0,1,444,0,0,0,,0,10.6,2024,0.0,0.0
2023,대학교,사립,서울,기존,성신여자대학교 ,10993,471,130,31,306,4,0,0,,0,4.3,2411,324,127,0,197,0,0,0,,0,13.4,2024,0.0,0.0
2023,대학교,사립,충북,기존,세명대학교 ,8775,656,72,173,394,15,0,0,,2,7.5,1449,158,42,0,116,0,0,0,,0,10.9,2024,0.0,0.0
2023,대학교,사립,서울,기존,세종대학교 ,16235,731,269,143,316,0,0,0,,3,4.5,2856,331,191,0,138,0,0,0,,2,11.6,2024,0.0,0.0
2023,사이버대학(대학),사립,서울,기존,세종사이버대학교 ,11555,1525,602,444,465,10,0,0,,4,13.2,2940,383,199,0,182,0,0,0,,2,13.0,2024,0.0,0.0
2023,대학교,사립,전남,기존,세한대학교 ,4414,603,333,0,270,0,0,0,,0,13.7,959,293,178,0,115,0,0,0,,0,30.6,2024,0.0,0.0
2023,대학교,사립,광주,기존,송원대학교 ,3403,518,287,92,126,0,0,0,,13,15.2,717,209,166,0,30,0,0,0,,13,29.1,2024,0.0,0.0
2023,대학교,사립,경기,기존,수원가톨릭대학교 ,169,6,0,0,6,0,0,0,,0,3.6,30,0,0,0,0,0,0,0,,0,0.0,2024,0.0,0.0
2023,대학교,사립,경기,기존,수원대학교 ,11860,725,77,123,493,32,0,0,,0,6.1,2251,223,11,0,212,0,0,0,,0,9.9,2024,0.0,0.0
2023,대학교,사립,서울,기존,숙명여자대학교 ,12231,449,34,23,378,14,0,0,,0,3.7,2508,289,21,2,266,0,0,0,,0,11.5,2024,0.0,0.0
2023,각종학교(대학),사립,충북,기존,순복음총회신학교 ,132,46,35,0,11,0,0,0,,0,34.8,18,11,7,0,4,0,0,0,,0,61.1,2024,0.0,0.0
2023,대학교,사립,충남,기존,순천향대학교 ,13889,781,145,127,499,6,0,0,,4,5.6,2675,233,47,0,185,0,0,0,,1,8.7,2024,0.0,0.0
2023,대학교,사립,서울,기존,숭실대학교 ,19473,634,117,137,377,1,0,0,,2,3.3,3200,284,45,0,239,0,0,0,,0,8.9,2024,0.0,0.0
2023,사이버대학(대학),사립,서울,기존,숭실사이버대학교 ,8278,935,387,313,215,0,0,0,,20,11.3,2333,245,133,0,101,0,0,0,,11,10.5,2024,0.0,0.0
2023,대학교,사립,경북,기존,신경주대학교 ,972,300,195,52,52,1,0,0,,0,30.9,415,200,187,0,13,0,0,0,,0,48.2,2024,0.0,0.0
2023,대학교,사립,부산,기존,신라대학교 ,8862,688,123,165,396,0,0,0,,4,7.8,1541,141,33,1,105,0,0,0,,2,9.1,2024,0.0,0.0
2023,대학교,사립,경기,기존,신한대학교 _제2캠퍼스,6403,377,33,119,214,4,0,0,,3,5.9,1376,101,6,0,95,0,0,0,,0,7.3,2024,4.0,0.0
2023,대학교,사립,경기,기존,신한대학교 ,1558,64,4,30,28,1,0,0,,0,4.1,137,3,1,0,2,0,0,0,,0,2.2,2024,1.0,0.0
2023,대학교,사립,경기,기존,아신대학교 ,453,66,0,12,50,2,0,0,,2,14.6,65,10,0,0,10,0,0,0,,0,15.4,2024,0.0,0.0
2023,대학교,사립,경기,기존,아주대학교 ,13395,412,24,75,280,31,0,0,,2,3.1,2255,173,0,0,173,0,0,0,,0,7.7,2024,0.0,0.0
2023,대학교,사립,경기,기존,안양대학교 ,6055,358,24,78,251,5,0,0,,0,5.9,1071,107,6,0,101,0,0,0,,0,10.0,2024,0.0,0.0
2023,대학교,사립,인천,기존,안양대학교 _제2캠퍼스,459,52,6,16,29,1,0,0,,0,11.3,137,21,1,0,20,0,0,0,,0,15.3,2024,0.0,0.0
2023,대학교,사립,서울,기존,연세대학교 ,27409,830,12,65,680,56,0,0,,2,3.0,4200,412,3,0,409,0,0,0,,0,9.8,2024,15.0,0.0
2023,대학교,사립,강원,기존,연세대학교(미래) _분교,9179,398,18,61,279,31,0,0,,0,4.3,1479,121,1,0,120,0,0,0,,0,8.2,2024,9.0,0.0
2023,대학교,사립,경북,기존,영남대학교 ,28090,1280,63,363,786,67,0,0,,1,4.6,4916,298,7,0,291,0,0,0,,0,6.1,2024,0.0,0.0
2023,대학교,사립,경북,기존,영남신학대학교 ,484,50,34,3,13,0,0,0,,0,10.3,114,30,26,0,4,0,0,0,,0,26.3,2024,0.0,0.0
2023,대학교,사립,경남,기존,영산대학교(양산) _제2캠퍼스,2612,285,96,71,112,6,0,0,,0,10.9,459,74,43,0,31,0,0,0,,0,16.1,2024,0.0,0.0
2023,대학교,사립,부산,기존,영산대학교(해운대) ,4377,546,180,157,205,4,0,0,,0,12.5,861,169,90,0,79,0,0,0,,0,19.6,2024,0.0,0.0
2023,대학교,사립,전남,기존,영산선학대학교 ,46,2,0,1,0,0,0,0,,1,4.3,2,0,0,0,0,0,0,0,,0,0.0,2024,0.0,0.0
2023,대학교,사립,전북,기존,예수대학교 ,567,10,0,0,10,0,0,0,,0,1.8,121,3,0,0,3,0,0,0,,0,2.5,2024,0.0,0.0
2023,대학교,사립,경기,기존,예원예술대학교 _제2캠퍼스,449,43,5,11,27,0,0,0,,0,9.6,88,10,1,0,9,0,0,0,,0,11.4,2024,0.0,0.0
2023,대학교,사립,전북,기존,예원예술대학교 ,1099,159,47,32,68,11,0,0,,1,14.5,117,13,2,0,11,0,0,0,,0,11.1,2024,0.0,0.0
2023,대학교,사립,경기,기존,용인대학교 ,7536,433,50,121,243,13,0,0,,3,5.7,1272,86,4,0,82,0,0,0,,0,6.8,2024,3.0,0.0
2023,대학교,사립,전북,기존,우석대학교 ,8394,805,206,159,434,5,0,0,,1,9.6,1391,150,56,0,94,0,0,0,,0,10.8,2024,0.0,0.0
2023,대학교,사립,대전,기존,우송대학교 ,12760,660,51,159,428,18,0,0,,2,5.2,2301,113,9,0,104,0,0,0,,0,4.9,2024,2.0,0.0
2023,대학교,특별법법인,울산,기존,울산과학기술원 ,2342,78,6,2,63,3,0,0,,3,3.3,444,42,0,0,41,0,0,0,,1,9.5,2024,1.0,0.0
2023,대학교,사립,울산,기존,울산대학교 ,16498,854,19,258,551,23,1,0,,2,5.2,2877,187,3,0,184,0,0,0,,0,6.5,2024,0.0,0.0
2023,대학교,사립,전북,기존,원광대학교 ,18063,1205,23,317,854,6,0,2,,3,6.7,3046,243,5,0,238,0,0,0,,0,8.0,2024,0.0,0.0
2023,사이버대학(대학),사립,전북,기존,원광디지털대학교 ,7142,975,270,322,373,7,0,0,,3,13.7,1444,202,82,0,119,0,0,0,,1,14.0,2024,0.0,0.0
2023,대학교,사립,경북,기존,위덕대학교 ,2951,458,152,127,174,3,0,0,,2,15.5,582,144,76,1,66,0,0,0,,1,24.7,2024,0.0,0.0
2023,대학교,사립,충북,기존,유원대학교 ,4401,822,170,384,254,6,0,0,,8,18.7,779,155,100,0,54,0,0,0,,1,19.9,2024,0.0,0.0
2023,대학교,사립,경기,기존,을지대학교 _제2캠퍼스,4740,199,2,23,174,0,0,0,,0,4.2,878,84,1,0,83,0,0,0,,0,9.6,2024,0.0,0.0
2023,대학교,사립,대전,기존,을지대학교 ,306,0,0,0,0,0,0,0,,0,0.0,49,0,0,0,0,0,0,0,,0,0.0,2024,0.0,0.0
2023,대학교,사립,경기,기존,을지대학교 _제3캠퍼스,786,23,1,0,22,0,0,0,,0,2.9,202,11,0,0,11,0,0,0,,0,5.4,2024,0.0,0.0
2023,대학교,사립,서울,기존,이화여자대학교 ,19165,469,10,29,414,15,0,0,,0,2.4,3546,290,1,0,289,0,0,0,,0,8.2,2024,1.0,0.0
2023,대학교,사립,경남,기존,인제대학교 ,9832,704,55,103,530,14,1,0,,0,7.2,1609,127,14,0,112,0,1,0,,0,7.9,2024,1.0,0.0
2023,대학교,사립,인천,기존,인천가톨릭대학교 _제2캠퍼스,740,60,10,4,46,0,0,0,,0,8.1,163,28,7,0,21,0,0,0,,0,17.2,2024,0.0,0.0
2023,대학교,사립,인천,기존,인천가톨릭대학교 ,65,2,0,0,2,0,0,0,,0,3.1,9,0,0,0,0,0,0,0,,0,0.0,2024,0.0,0.0
2023,대학교,국립대법인,인천,기존,인천대학교 ,15656,667,90,144,380,49,0,0,,4,4.3,2695,258,62,0,196,0,0,0,,0,9.6,2024,0.0,0.0
2023,대학교,사립,인천,기존,인하대학교 ,24981,734,23,174,536,0,0,0,,1,2.9,4066,313,8,0,305,0,0,0,,0,7.7,2024,0.0,0.0
2023,대학교,사립,서울,기존,장로회신학대학교 ,791,47,18,4,24,1,0,0,,0,5.9,152,16,4,0,12,0,0,0,,0,10.5,2024,0.0,0.0
2023,대학교,국립,광주,기존,전남대학교 ,21186,800,10,130,623,29,0,0,,0,3.8,3635,300,0,0,300,0,0,0,,0,8.3,2024,8.0,0.0
2023,대학교,국립,전남,기존,전남대학교 _제2캠퍼스,4195,314,8,54,245,7,0,0,,0,7.5,909,101,1,0,100,0,0,0,,0,11.1,2024,0.0,0.0
2023,대학교,국립,전북,기존,전북대학교 ,23708,1023,92,188,717,25,0,0,,1,4.3,4226,329,20,0,309,0,0,0,,0,7.8,2024,0.0,0.0
2023,교육대학,국립,전북,기존,전주교육대학교 ,1152,57,2,0,55,0,0,0,,0,4.9,299,31,1,0,30,0,0,0,,0,10.4,2024,0.0,0.0
2023,대학교,사립,전북,기존,전주대학교 ,14540,1007,43,264,690,7,0,0,,3,6.9,2524,192,4,0,187,0,0,0,,1,7.6,2024,0.0,0.0
2023,기술대학,사립,서울,기존,정석대학 ,29,4,0,0,4,0,0,0,,0,13.8,11,1,0,0,1,0,0,0,,0,9.1,2024,0.0,0.0
2023,대학교,사립,제주,기존,제주국제대학교 ,533,149,21,47,78,3,0,0,,0,28.0,49,19,0,0,19,0,0,0,,0,38.8,2024,0.0,0.0
2023,대학교,국립,제주,기존,제주대학교 ,13307,694,46,225,418,0,0,0,,4,5.2,2321,199,11,0,188,0,0,0,,0,8.6,2024,1.0,0.0
2023,대학교,사립,광주,기존,조선대학교 ,25619,1029,65,93,859,8,0,0,,4,4.0,4625,329,15,0,312,0,0,0,,2,7.1,2024,0.0,0.0
2023,대학교,사립,충남,기존,중부대학교 ,10768,768,14,258,492,4,0,0,,0,7.1,1851,152,3,0,149,0,0,0,,0,8.2,2024,0.0,0.0
2023,대학교,사립,경기,기존,중앙대학교 _제2캠퍼스,6998,324,14,96,210,4,0,0,,0,4.6,1260,102,1,0,101,0,0,0,,0,8.1,2024,0.0,0.0
2023,대학교,사립,서울,기존,중앙대학교 ,25220,1052,25,215,798,12,2,0,,0,4.2,4147,531,2,0,529,0,0,0,,0,12.8,2024,0.0,0.0
2023,대학교,사립,경기,기존,중앙승가대학교 ,78,6,2,1,3,0,0,0,,0,7.7,16,2,0,0,2,0,0,0,,0,12.5,2024,0.0,0.0
2023,대학교,사립,충북,기존,중원대학교 ,4257,513,99,196,212,1,0,0,,5,12.1,638,61,30,0,30,0,0,0,,1,9.6,2024,0.0,0.0
2023,교육대학,국립,경남,기존,진주교육대학교 ,1287,35,0,0,35,0,0,0,,0,2.7,302,21,0,0,21,0,0,0,,0,7.0,2024,0.0,0.0
2023,대학교,사립,경기,기존,차의과학대학교 ,2698,143,11,13,118,1,0,0,,0,5.3,539,74,7,0,67,0,0,0,,0,13.7,2024,0.0,0.0
2023,대학교,사립,경남,기존,창신대학교 ,2061,215,63,73,78,0,0,0,,1,10.4,362,30,17,0,13,0,0,0,,0,8.3,2024,0.0,0.0
2023,산업대학,사립,충남,기존,청운대학교 ,7292,583,137,124,310,11,0,0,,1,8.0,1329,162,44,0,118,0,0,0,,0,12.2,2024,0.0,0.0
2023,교육대학,국립,충북,기존,청주교육대학교 ,1189,57,6,0,49,1,0,0,,1,4.8,310,26,5,0,21,0,0,0,,0,8.4,2024,0.0,0.0
2023,대학교,사립,충북,기존,청주대학교 ,15548,727,2,188,535,0,0,0,,2,4.7,2810,167,1,0,166,0,0,0,,0,5.9,2024,0.0,0.0
2023,대학교,사립,전남,기존,초당대학교 ,3492,586,212,100,111,2,0,0,,161,16.8,722,197,123,0,30,0,0,0,,44,27.3,2024,0.0,0.0
2023,대학교,사립,서울,기존,총신대학교 ,1733,69,3,16,40,7,0,0,,3,4.0,334,16,1,0,15,0,0,0,,0,4.8,2024,0.0,0.0
2023,대학교,사립,서울,기존,추계예술대학교 ,1394,83,3,11,66,3,0,0,,0,6.0,265,39,0,0,39,0,0,0,,0,14.7,2024,0.0,0.0
2023,교육대학,국립,강원,기존,춘천교육대학교 ,1302,48,5,2,38,2,0,0,,1,3.7,339,26,5,0,21,0,0,0,,0,7.7,2024,0.0,0.0
2023,대학교,국립,대전,기존,충남대학교 ,22384,898,49,117,641,16,0,2,,2,4.0,3851,331,2,0,328,1,0,0,,0,8.6,2024,71.0,0.0
2023,대학교,국립,충북,기존,충북대학교 ,17473,787,42,197,530,0,0,17,,1,4.5,3043,263,11,0,252,0,0,0,,0,8.6,2024,0.0,0.0
2023,대학교,사립,경기,기존,칼빈대학교 ,731,84,14,12,48,1,0,0,,9,11.5,194,22,6,0,15,0,0,0,,1,11.3,2024,0.0,0.0
2023,사이버대학(대학),사립,서울,신설,태재대학교 ,0,5,2,0,3,0,0,0,,0,0.0,0,0,0,0,0,0,0,0,,0,0.0,2024,0.0,0.0
2023,대학교,사립,경기,기존,평택대학교 ,4214,249,29,36,154,5,0,0,,25,5.9,859,71,7,0,61,0,0,0,,3,8.3,2024,0.0,0.0
2023,대학교,사립,경북,기존,포항공과대학교 ,1747,43,1,2,38,2,0,0,,0,2.5,365,22,0,1,21,0,0,0,,0,6.0,2024,0.0,0.0
2023,대학교,국립,경기,기존,한경국립대학교 ,7028,417,60,85,264,7,0,0,,1,5.9,1394,118,11,0,107,0,0,0,,0,8.5,2024,0.0,0.0
2023,대학교,사립,경기,기존,한국공학대학교 ,9957,646,113,103,418,10,0,0,,2,6.5,1782,187,31,0,154,0,0,0,,2,10.5,2024,0.0,0.0
2023,대학교,특별법법인,대전,기존,한국과학기술원 ,4912,130,1,4,97,16,0,0,,9,2.6,840,47,1,0,45,0,0,0,,1,5.6,2024,3.0,0.0
2023,대학교,국립,충북,기존,한국교원대학교 ,2558,77,0,0,75,2,0,0,,0,3.0,581,48,0,0,48,0,0,0,,0,8.3,2024,0.0,0.0
2023,대학교,사립,충남,기존,한국기술교육대학교 ,5819,242,17,44,166,4,0,0,,7,4.2,983,72,2,0,70,0,0,0,,0,7.3,2024,4.0,0.0
2023,방송통신대학,국립,서울,기존,한국방송통신대학교 ,125667,27610,20106,202,5285,0,0,0,,2017,22.0,9066,963,1,0,869,0,0,0,,93,10.6,2024,0.0,0.0
2023,대학교,사립,서울,기존,한국성서대학교 ,1195,96,7,11,70,0,0,0,,1,8.0,241,28,3,0,24,0,0,0,,1,11.6,2024,7.0,0.0
2023,대학교,특별법법인,전남,기존,한국에너지공과대학교 ,209,6,0,0,6,0,0,0,,0,2.9,109,1,0,0,1,0,0,0,,0,0.9,2024,0.0,0.0
2023,사이버대학(대학),사립,서울,기존,한국열린사이버대학교 ,6281,1033,316,303,360,0,0,0,,54,16.4,1990,333,135,0,168,0,0,0,,30,16.7,2024,0.0,0.0
2023,각종학교(대학),특별법국립,서울,기존,한국예술종합학교 ,3301,66,4,14,22,18,0,0,,1,2.0,564,8,0,1,7,0,0,0,,0,1.4,2024,7.0,0.0
2023,대학교,사립,서울,기존,한국외국어대학교 ,22631,1030,45,184,765,29,0,0,,2,4.6,3875,470,8,0,462,0,0,0,,0,12.1,2024,5.0,0.0
2023,대학교,특별법국립,충남,기존,한국전통문화대학교 ,728,26,1,2,22,1,0,0,,0,3.6,147,8,0,0,8,0,0,0,,0,5.4,2024,0.0,0.0
2023,대학교,국립,서울,기존,한국체육대학교 ,2992,49,11,16,11,8,0,0,,3,1.6,570,10,4,0,6,0,0,0,,0,1.8,2024,0.0,0.0
2023,대학교,사립,대전,기존,한국침례신학대학교 ,1030,57,3,15,39,0,0,0,,0,5.5,128,4,0,0,4,0,0,0,,0,3.1,2024,0.0,0.0
2023,대학교,사립,경기,기존,한국항공대학교 ,5899,246,9,38,188,10,0,0,,0,4.2,934,96,1,0,95,0,0,0,,0,10.3,2024,1.0,0.0
2023,대학교,사립,대전,기존,한남대학교 ,15273,835,67,174,588,0,0,0,,6,5.5,2923,219,12,0,207,0,0,0,,0,7.5,2024,0.0,0.0
2023,대학교,사립,경북,기존,한동대학교 ,5339,155,1,38,85,29,0,0,,2,2.9,825,27,1,0,26,0,0,0,,0,3.3,2024,0.0,0.0
2023,대학교,사립,강원,기존,한라대학교 ,4172,383,44,97,231,3,0,0,,8,9.2,777,109,24,0,85,0,0,0,,0,14.0,2024,0.0,0.0
2023,대학교,사립,강원,기존,한림대학교 ,10314,470,5,123,317,21,0,0,,4,4.6,1875,127,1,0,124,0,0,0,,2,6.8,2024,0.0,0.0
2023,대학교,사립,충남,기존,한서대학교 ,8555,625,81,101,424,0,0,0,,19,7.3,1552,208,36,0,172,0,0,0,,0,13.4,2024,0.0,0.0
2023,대학교,사립,서울,기존,한성대학교 ,9416,409,98,75,220,16,0,0,,0,4.3,1653,172,46,0,126,0,0,0,,0,10.4,2024,0.0,0.0
2023,대학교,사립,경기,기존,한세대학교 ,3300,230,17,48,163,0,0,0,,2,7.0,602,71,3,0,68,0,0,0,,0,11.8,2024,0.0,0.0
2023,대학교,사립,경기,기존,한신대학교 ,7530,449,78,73,286,11,0,0,,1,6.0,1277,116,11,0,105,0,0,0,,0,9.1,2024,0.0,0.0
2023,대학교,사립,서울,기존,한양대학교 ,22334,839,69,74,673,20,0,3,,0,3.8,3749,423,6,0,417,0,0,0,,0,11.3,2024,0.0,0.0
2023,대학교,사립,경기,기존,한양대학교(ERICA) _분교,14347,432,80,58,283,9,0,0,,2,3.0,2415,168,45,0,123,0,0,0,,0,7.0,2024,0.0,0.0
2023,사이버대학(대학),사립,서울,기존,한양사이버대학교 ,17987,2675,1466,357,847,0,0,0,,5,14.9,4216,600,296,1,300,0,0,0,,3,14.2,2024,0.0,0.0
2023,대학교,사립,전북,기존,한일장신대학교 ,961,92,23,0,69,0,0,0,,0,9.6,211,40,15,0,25,0,0,0,,0,19.0,2024,0.0,0.0
2023,대학교,사립,경기,기존,협성대학교 ,5258,322,10,33,245,0,0,0,,34,6.1,1065,107,0,0,99,0,0,0,,8,10.0,2024,0.0,0.0
2023,대학교,사립,광주,기존,호남대학교 ,8401,598,65,132,401,0,0,0,,0,7.1,1352,109,20,0,89,0,0,0,,0,8.1,2024,0.0,0.0
2023,대학교,사립,광주,기존,호남신학대학교 ,780,42,0,0,42,0,0,0,,0,5.4,104,20,0,0,20,0,0,0,,0,19.2,2024,0.0,0.0
2023,대학교,사립,충남,기존,호서대학교 ,16124,1016,76,150,695,6,0,0,,89,6.3,3150,322,59,0,250,0,0,0,,13,10.2,2024,0.0,0.0
2023,산업대학,사립,전북,기존,호원대학교 ,6436,731,174,201,352,0,0,0,,4,11.4,1406,186,68,0,117,0,0,0,,1,13.2,2024,0.0,0.0
2023,대학교,사립,서울,기존,홍익대학교 ,17018,642,83,70,441,46,0,0,,1,3.8,2866,306,36,0,270,0,0,0,,0,10.7,2024,1.0,0.0
2023,대학교,사립,세종,기존,홍익대학교 _제2캠퍼스,7851,392,44,50,283,13,0,0,,0,5.0,1386,142,16,0,126,0,0,0,,0,10.2,2024,2.0,0.0
2023,대학교,사립,경기,기존,화성의과학대학교 ,574,95,5,58,31,1,0,0,,0,16.6,155,25,4,0,21,0,0,0,,0,16.1,2024,0.0,0.0
2023,사이버대학(대학),사립,부산,기존,화신사이버대학교 ,1836,262,81,28,153,0,0,0,,0,14.3,708,143,34,0,109,0,0,0,,0,20.2,2024,0.0,0.0
